time_s,temp_c,temp_ema,vnode,fan_duty,heater_duty,setpoint,state
1.9650,31.4975,31.6880,0.1152,0.0000,0.0000,30.0000,?
2.9650,31.4975,31.6880,0.1152,0.0000,0.0000,30.0000,?
3.9650,31.4975,31.4975,0.1152,0.0000,0.2000,30.0000,?
4.9650,31.3084,31.4937,0.1160,1.0000,0.2000,30.0000,?
5.9650,30.7502,31.4788,0.1185,1.0000,0.2000,30.0000,?
8.9650,30.9348,31.4577,0.1177,1.0000,0.2000,30.0000,?
9.9650,31.3084,31.4547,0.1160,1.0000,0.0539,30.0000,?
14.9650,30.9348,31.4085,0.1177,1.0000,0.0528,30.0000,?
22.9650,30.3854,31.2792,0.1201,1.0000,0.0572,30.0000,?
30.9650,30.5671,31.1465,0.1193,1.0000,0.0627,30.0000,?
37.9650,30.3854,31.0803,0.1201,1.0000,0.0631,30.0000,?
42.9650,30.7502,31.0697,0.1185,1.0000,0.0598,30.0000,?
43.9650,30.3854,31.0560,0.1201,1.0000,0.2000,31.0000,?
47.9650,30.3854,31.0178,0.1201,1.0000,0.2000,31.0000,?
53.9650,30.9348,30.9770,0.1177,0.9841,0.2000,31.0000,?
56.9650,30.7502,30.9532,0.1185,0.9672,0.2000,31.0000,?
63.9650,31.1209,30.9341,0.1168,0.9516,0.2000,31.0000,?
71.9650,31.1209,30.9249,0.1168,0.9416,0.2000,31.0000,?
79.9650,31.1209,30.9506,0.1168,0.9561,0.2000,31.0000,?
86.9650,31.8802,31.0197,0.1136,1.0000,0.2000,31.0000,?
87.9650,31.4975,31.0293,0.1152,1.0000,0.2000,31.0000,?
94.3450,31.1209,31.0505,0.1168,1.0000,0.2000,31.0000,?
102.3450,31.1209,31.0547,0.1168,1.0000,0.2000,31.0000,?
109.3450,31.1209,31.1050,0.1168,1.0000,0.2000,31.0000,?
117.3450,31.3084,31.1801,0.1160,1.0000,0.2000,31.0000,?
125.3450,31.1209,31.2167,0.1168,1.0000,0.2000,31.0000,?
133.3450,31.1209,31.2209,0.1168,1.0000,0.2000,31.0000,?
140.3450,31.4975,31.2688,0.1152,1.0000,0.2000,31.0000,?
148.3450,31.1209,31.3025,0.1168,1.0000,0.2000,31.0000,?
151.3450,31.3084,31.3103,0.1160,1.0000,0.2000,31.0000,?
152.3450,32.2692,31.3295,0.1120,1.0000,0.1669,31.0000,?
158.3450,31.1209,31.3409,0.1168,1.0000,0.1641,31.0000,?
165.3450,32.0739,31.3489,0.1128,1.0000,0.1615,31.0000,?
173.3450,31.4975,31.3710,0.1152,1.0000,0.1569,31.0000,?
181.3450,31.3084,31.3546,0.1160,1.0000,0.1562,31.0000,?
188.3450,31.6880,31.3527,0.1144,1.0000,0.1545,31.0000,?
196.3450,31.1209,31.3948,0.1168,1.0000,0.1478,31.0000,?
204.3450,31.3084,31.3702,0.1160,1.0000,0.1479,31.0000,?
211.3450,30.9348,31.3577,0.1177,1.0000,0.1470,31.0000,?
219.3450,31.4975,31.3486,0.1152,1.0000,0.1457,31.0000,?
227.3450,32.2692,31.3727,0.1120,1.0000,0.1411,31.0000,?
234.3450,31.4975,31.3674,0.1152,1.0000,0.1395,31.0000,?
242.3450,31.3084,31.3775,0.1160,1.0000,0.1361,31.0000,?
250.3450,31.4975,31.4309,0.1152,1.0000,0.1282,31.0000,?
258.3450,31.1209,31.4063,0.1168,1.0000,0.1280,31.0000,?
264.3450,31.6880,31.4288,0.1144,1.0000,0.1238,31.0000,?
265.3450,31.8802,31.4378,0.1136,1.0000,0.2000,35.0000,?
266.3450,31.8802,31.4466,0.1136,0.0000,0.2000,35.0000,?
268.3450,31.4975,31.4524,0.1152,0.0000,0.2000,35.0000,?
276.3450,32.2692,31.5045,0.1120,0.0000,0.2000,35.0000,?
284.3450,32.4662,31.5870,0.1112,0.0000,0.2000,35.0000,?
287.3450,32.4662,31.6387,0.1112,0.0000,0.2000,35.0000,?
288.3450,32.4662,31.6552,0.1112,0.0000,0.0000,35.0000,?
290.3450,32.2692,31.6719,0.1120,0.0000,0.0000,35.0000,?
291.3450,32.2692,31.6838,0.1120,0.0000,0.4000,35.0000,?
295.3450,32.2692,31.7600,0.1120,0.0000,0.4000,35.0000,?
303.3450,32.4662,31.8579,0.1112,0.0000,0.4000,35.0000,?
311.3450,32.4662,31.9823,0.1112,0.0000,0.4000,35.0000,?
318.3450,32.0739,32.0607,0.1128,0.0000,0.4000,35.0000,?
326.3450,33.8928,32.2446,0.1056,0.0000,0.4000,35.0000,?
334.3450,33.0670,32.3376,0.1088,0.0000,0.4000,35.0000,?
341.3450,33.4763,32.4512,0.1072,0.0000,0.4000,35.0000,?
349.3450,33.8928,32.5878,0.1056,0.0000,0.4000,35.0000,?
357.3450,34.1037,32.7642,0.1048,0.0000,0.4000,35.0000,?
365.3450,34.1037,32.9181,0.1048,0.0000,0.4000,35.0000,?
372.3450,34.5314,33.0834,0.1032,0.0000,0.4000,35.0000,?
380.3450,35.1876,33.2557,0.1007,0.0000,0.4000,35.0000,?
388.3450,34.5314,33.4456,0.1032,0.0000,0.4000,35.0000,?
393.3450,34.7481,33.5339,0.1023,0.0000,0.4000,35.0000,?
396.3450,34.3166,33.5967,0.1040,0.0196,0.4000,35.0000,?
398.3450,34.9669,33.6510,0.1015,0.0397,0.4000,35.0000,?
399.3450,35.8624,33.6952,0.0983,0.0616,0.4000,35.0000,?
406.3450,34.5314,33.8063,0.1032,0.0837,0.4000,35.0000,?
410.3450,34.1037,33.8706,0.1048,0.0993,0.4000,35.0000,?
411.3450,35.4104,33.9014,0.0999,0.1134,0.4000,35.0000,?
416.3450,35.1876,34.0002,0.1007,0.1484,0.4000,35.0000,?
423.3450,35.8624,34.1349,0.0983,0.1995,0.4000,35.0000,?
431.3450,34.9669,34.2665,0.1015,0.2504,0.4000,35.0000,?
434.3450,35.8624,34.3301,0.0983,0.2807,0.4000,35.0000,?
438.3450,35.4104,34.4104,0.0999,0.3197,0.4000,35.0000,?
439.3450,36.3230,34.4486,0.0967,0.3423,0.4000,35.0000,?
442.3450,35.6353,34.5096,0.0991,0.3742,0.4000,35.0000,?
449.3450,35.1876,34.5907,0.1007,0.4102,0.4000,35.0000,?
453.3450,35.8624,34.6464,0.0983,0.4387,0.4000,35.0000,?
457.3450,34.9669,34.6761,0.1015,0.4504,0.4000,35.0000,?
459.3450,35.6353,34.7230,0.0991,0.4787,0.4000,35.0000,?
461.3450,36.0916,34.7772,0.0975,0.5125,0.4000,35.0000,?
463.3450,34.9669,34.7890,0.1015,0.5179,0.4000,35.0000,?
469.3450,35.1876,34.8382,0.1007,0.5449,0.4000,35.0000,?
472.3450,35.4104,34.8807,0.0999,0.5712,0.4000,35.0000,?
477.3450,34.7481,34.8762,0.1023,0.5645,0.4000,35.0000,?
480.3450,35.4104,34.8905,0.0999,0.5720,0.4000,35.0000,?
483.3450,33.8928,34.8484,0.1056,0.5410,0.4000,35.0000,?
485.3450,35.1876,34.8575,0.1007,0.5454,0.4000,35.0000,?
488.3450,34.5314,34.8344,0.1032,0.5268,0.4000,35.0000,?
496.3450,35.1876,34.8064,0.1007,0.4987,0.4000,35.0000,?
497.3450,34.1037,34.7923,0.1048,0.4880,0.4000,35.0000,?
505.3450,34.7481,34.7290,0.1023,0.4334,0.4000,35.0000,?
512.3450,34.1037,34.7273,0.1048,0.4208,0.4000,35.0000,?
513.3450,34.9669,34.7321,0.1015,0.4224,0.4000,35.0000,?
521.3450,34.3166,34.6692,0.1040,0.3654,0.4000,35.0000,?
522.3450,35.1876,34.6795,0.1007,0.3705,0.4000,35.0000,?
526.3450,35.6353,34.7410,0.0991,0.4051,0.4000,35.0000,?
529.3450,34.7481,34.7499,0.1023,0.4065,0.4000,35.0000,?
530.3450,35.6353,34.7676,0.0991,0.4171,0.4000,35.0000,?
533.3450,34.9669,34.7708,0.1015,0.4150,0.4000,35.0000,?
535.3450,36.0916,34.8142,0.0975,0.4420,0.4000,35.0000,?
541.3450,35.1876,34.8334,0.1007,0.4482,0.4000,35.0000,?
545.3450,35.6353,34.8616,0.0991,0.4635,0.4000,35.0000,?
549.3450,34.7481,34.8654,0.1023,0.4627,0.4000,35.0000,?
551.3450,35.4104,34.8914,0.0999,0.4790,0.4000,35.0000,?
553.3450,34.7481,34.8900,0.1023,0.4767,0.4000,35.0000,?
554.3480,35.6353,34.9049,0.0991,0.4862,0.4000,35.0000,?
556.3450,34.9669,34.9031,0.1015,0.4838,0.4000,35.0000,?
559.3450,35.4104,34.9372,0.0999,0.5056,0.4000,35.0000,?
563.3450,34.9669,34.9314,0.1015,0.4999,0.4000,35.0000,?
568.3450,34.9669,34.9263,0.1015,0.4943,0.4000,35.0000,?
571.3450,35.1876,34.9546,0.1007,0.5125,0.4000,35.0000,?
572.3450,34.3166,34.9418,0.1040,0.5036,0.4000,35.0000,?
573.3450,35.1876,34.9468,0.1007,0.5066,0.4000,35.0000,?
578.3450,34.7481,34.9356,0.1023,0.4974,0.4000,35.0000,?
579.3450,35.6353,34.9496,0.0991,0.5066,0.4000,35.0000,?
580.3450,34.9669,34.9500,0.1015,0.5065,0.4000,35.0000,?
581.3450,34.1037,34.9331,0.1048,0.4946,0.4000,35.0000,?
585.3450,34.5314,34.9185,0.1032,0.4830,0.4000,35.0000,?
588.3450,34.9669,34.9087,0.1015,0.4747,0.4000,35.0000,?
589.3450,33.8928,34.8884,0.1056,0.4603,0.4000,35.0000,?
595.3450,34.7481,34.8729,0.1023,0.4452,0.4000,35.0000,?
596.3450,35.6353,34.8881,0.0991,0.4549,0.4000,35.0000,?
600.3450,34.7481,34.8687,0.1023,0.4388,0.4000,35.0000,?
601.3450,33.4763,34.8409,0.1072,0.4190,0.4000,35.0000,?
605.3450,34.7481,34.8295,0.1023,0.4072,0.4000,35.0000,?
613.3450,35.4104,34.8805,0.0999,0.4344,0.4000,35.0000,?
614.3450,34.5314,34.8735,0.1032,0.4289,0.4000,35.0000,?
622.3450,34.7481,34.8708,0.1023,0.4209,0.4000,35.0000,?
626.3450,34.9669,34.8826,0.1015,0.4259,0.4000,35.0000,?
627.3450,35.6353,34.8976,0.0991,0.4355,0.4000,35.0000,?
629.3450,35.4104,34.9050,0.0999,0.4392,0.4000,35.0000,?
630.3450,34.1037,34.8889,0.1048,0.4277,0.4000,35.0000,?
634.3450,35.6353,34.9512,0.0991,0.4681,0.4000,35.0000,?
636.3450,35.6353,34.9695,0.0991,0.4800,0.4000,35.0000,?
642.3450,34.7481,34.9733,0.1023,0.4816,0.4000,35.0000,?
644.3450,34.9669,34.9730,0.1015,0.4811,0.4000,35.0000,?
645.3450,35.6353,34.9862,0.0991,0.4900,0.4000,35.0000,?
648.3450,34.9669,34.9894,0.1015,0.4919,0.4000,35.0000,?
649.3450,35.6353,35.0023,0.0991,0.5007,0.4000,35.0000,?
653.3450,35.1876,34.9961,0.1007,0.4962,0.4000,35.0000,?
654.3450,34.3166,34.9825,0.1040,0.4869,0.4000,35.0000,?
655.3450,34.9669,34.9822,0.1015,0.4866,0.8000,35.0000,?
657.3450,35.1876,34.9947,0.1007,0.4950,0.8000,35.0000,?
665.3450,34.9669,35.0349,0.1015,0.5234,0.8000,35.0000,?
671.3450,35.6353,35.0489,0.0991,0.5343,0.8000,35.0000,?
673.3450,35.4104,35.0502,0.0999,0.5358,0.8000,35.0000,?
679.3480,34.9669,35.1034,0.1015,0.5751,0.8000,35.0000,?
680.3450,35.6353,35.1141,0.0991,0.5830,0.8000,35.0000,?
683.3450,35.1876,35.1056,0.1007,0.5792,0.8000,35.0000,?
686.3450,36.0916,35.1416,0.0975,0.6058,0.8000,35.0000,?
688.3450,35.1876,35.1434,0.1007,0.6088,0.8000,35.0000,?
689.3450,36.3230,35.1670,0.0967,0.6258,0.8000,35.0000,?
693.3450,35.4104,35.1948,0.0999,0.6491,0.8000,35.0000,?
695.3450,36.0916,35.2394,0.0975,0.6821,0.8000,35.0000,?
696.3450,36.0916,35.2564,0.0975,0.6952,0.8000,35.0000,?
698.3450,35.1876,35.2494,0.1007,0.6935,0.8000,35.0000,?
703.3450,34.9669,35.2599,0.1015,0.7087,0.8000,35.0000,?
705.3450,36.3230,35.2929,0.0967,0.7345,0.8000,35.0000,?
706.3450,35.8624,35.3043,0.0983,0.7441,0.8000,35.0000,?
707.3450,35.1876,35.3020,0.1007,0.7443,0.8000,35.0000,?
709.3450,36.3230,35.3379,0.0967,0.7726,0.8000,35.0000,?
711.3450,34.9669,35.3275,0.1015,0.7696,0.8000,35.0000,?
717.3450,35.1876,35.3791,0.1007,0.8180,0.8000,35.0000,?
718.3450,34.7481,35.3665,0.1023,0.8117,0.8000,35.0000,?
721.3450,35.8624,35.3781,0.0983,0.8264,0.8000,35.0000,?
722.3450,35.1876,35.3743,0.1007,0.8261,0.8000,35.0000,?
728.3450,35.1876,35.3484,0.1007,0.8220,0.8000,35.0000,?
730.3450,35.8624,35.3599,0.0983,0.8341,0.8000,35.0000,?
731.3450,35.1876,35.3565,0.1007,0.8339,0.8000,35.0000,?
733.3450,36.3230,35.3902,0.0967,0.8614,0.8000,35.0000,?
736.3450,34.3166,35.3523,0.1040,0.8425,0.8000,35.0000,?
739.3450,35.4104,35.3558,0.0999,0.8514,0.8000,35.0000,?
740.3450,34.5314,35.3393,0.1032,0.8423,0.8000,35.0000,?
747.3450,35.8624,35.3755,0.0983,0.8817,0.8000,35.0000,?
749.3450,35.4104,35.3682,0.0999,0.8813,0.8000,35.0000,?
757.3450,35.6353,35.3315,0.0991,0.8727,0.8000,35.0000,?
764.3450,34.3166,35.2822,0.1040,0.8528,0.8000,35.0000,?
772.3450,34.7481,35.2440,0.1023,0.8395,0.8000,35.0000,?
774.3460,34.7481,35.2201,0.1023,0.8260,0.8000,35.0000,?
775.3450,35.6353,35.2284,0.0991,0.8330,0.8000,35.0000,?
778.3450,35.6353,35.2224,0.0991,0.8329,0.8000,35.0000,?
782.3450,34.7481,35.1855,0.1023,0.8129,0.8000,35.0000,?
784.3450,35.6353,35.1989,0.0991,0.8243,0.8000,35.0000,?
785.3450,36.0916,35.2168,0.0975,0.8377,0.8000,35.0000,?
786.3450,34.3166,35.1988,0.1040,0.8267,0.8000,35.0000,?
793.3450,34.5314,35.1759,0.1032,0.8194,0.8000,35.0000,?
795.3450,35.4104,35.1852,0.0999,0.8280,0.8000,35.0000,?
796.3450,36.3230,35.2080,0.0967,0.8446,0.8000,35.0000,?
797.3450,35.8624,35.2210,0.0983,0.8548,0.8000,35.0000,?
803.3450,35.4104,35.1970,0.0999,0.8459,0.8000,35.0000,?
804.3480,34.3166,35.1794,0.1040,0.8351,0.8000,35.0000,?
806.3450,34.9669,35.1753,0.1015,0.8345,0.8000,35.0000,?
808.3450,34.3166,35.1455,0.1040,0.8162,0.8000,35.0000,?
813.3450,34.7481,35.1321,0.1023,0.8115,0.8000,35.0000,?
816.3450,35.1876,35.1354,0.1007,0.8162,0.8000,35.0000,?
823.3450,35.4104,35.0937,0.0999,0.7924,0.8000,35.0000,?
825.3450,34.9669,35.0801,0.1015,0.7842,0.8000,35.0000,?
831.3450,35.8624,35.1020,0.0983,0.8021,0.8000,35.0000,?
832.3450,34.9669,35.0993,0.1015,0.8009,0.8000,35.0000,?
834.3450,35.1876,35.1116,0.1007,0.8106,0.8000,35.0000,?
836.3450,34.7481,35.1102,0.1023,0.8110,0.8000,35.0000,?
838.3450,35.8624,35.1399,0.0983,0.8328,0.8000,35.0000,?
844.3450,35.4104,35.1293,0.0999,0.8303,0.8000,35.0000,?
845.3450,35.4104,35.1349,0.0999,0.8349,0.8000,35.0000,?
846.3450,36.0916,35.1540,0.0975,0.8488,0.8000,35.0000,?
848.3450,35.6353,35.1643,0.0991,0.8577,0.8000,35.0000,?
849.3450,34.5314,35.1516,0.1032,0.8501,0.8000,35.0000,?
852.3450,34.9669,35.1450,0.1015,0.8483,0.8000,35.0000,?
854.3450,35.4104,35.1599,0.0999,0.8603,0.8000,35.0000,?
855.3450,34.1037,35.1388,0.1048,0.8469,0.8000,35.0000,?
859.3450,35.6353,35.1645,0.0991,0.8680,0.8000,35.0000,?
866.3450,35.4104,35.1804,0.0999,0.8861,0.8000,35.0000,?
869.3450,34.7481,35.1549,0.1023,0.8719,0.8000,35.0000,?
875.3450,35.1876,35.1666,0.1007,0.8859,0.8000,35.0000,?
876.3450,35.4104,35.1715,0.0999,0.8903,0.8000,35.0000,?
877.3450,35.1876,35.1718,0.1007,0.8916,1.0000,35.0000,?
879.3450,35.6353,35.1857,0.0991,0.9032,1.0000,35.0000,?
883.3450,35.1876,35.1693,0.1007,0.8962,1.0000,35.0000,?
887.3450,35.6353,35.2187,0.0991,0.9346,1.0000,35.0000,?
888.3450,34.9669,35.2136,0.1015,0.9324,1.0000,35.0000,?
889.3450,35.6353,35.2221,0.0991,0.9395,1.0000,35.0000,?
896.3450,35.4104,35.2221,0.0999,0.9489,1.0000,35.0000,?
900.3450,36.0916,35.2590,0.0975,0.9798,1.0000,35.0000,?
902.3450,34.9669,35.2562,0.1015,0.9810,1.0000,35.0000,?
905.3450,35.6353,35.2741,0.0991,0.9980,1.0000,35.0000,?
907.3450,35.1876,35.2663,0.1007,0.9960,1.0000,35.0000,?
915.3450,35.1876,35.3096,0.1007,1.0000,1.0000,35.0000,?
917.3450,35.4104,35.3135,0.0999,1.0000,1.0000,35.0000,?
918.3450,35.4104,35.3155,0.0999,1.0000,0.9683,35.0000,?
924.3450,36.3230,35.3285,0.0967,1.0000,0.9655,35.0000,?
932.3450,35.4104,35.3539,0.0999,1.0000,0.9608,35.0000,?
940.3450,36.0916,35.3401,0.0975,1.0000,0.9601,35.0000,?
948.3450,34.9669,35.3751,0.1015,1.0000,0.9543,35.0000,?
955.3450,35.4104,35.3800,0.0999,1.0000,0.9517,35.0000,?
963.3450,35.1876,35.4333,0.1007,1.0000,0.9436,35.0000,?
971.3450,34.3166,35.4079,0.1040,1.0000,0.9434,35.0000,?
978.3450,36.0916,35.4803,0.0975,1.0000,0.9336,35.0000,?
986.3450,35.8624,35.4863,0.0983,1.0000,0.9299,35.0000,?
994.3450,35.8624,35.5054,0.0983,1.0000,0.9249,35.0000,?
1001.3450,35.1876,35.4796,0.1007,1.0000,0.9246,35.0000,?
1009.3450,35.4104,35.4663,0.0999,1.0000,0.9230,35.0000,?
1017.3450,36.3230,35.5098,0.0967,1.0000,0.9155,35.0000,?
1024.3451,35.6353,35.5051,0.0991,1.0000,0.9131,35.0000,?
1032.3451,35.4104,35.4857,0.0999,1.0000,0.9119,35.0000,?
1040.3451,36.3230,35.5162,0.0967,1.0000,0.9057,35.0000,?
1048.3451,34.9669,35.4999,0.1015,1.0000,0.9041,35.0000,?
1055.3451,35.4104,35.5235,0.0999,1.0000,0.8989,35.0000,?
1063.3451,35.4104,35.5129,0.0999,1.0000,0.8967,35.0000,?
1071.3451,36.0916,35.4987,0.0975,1.0000,0.8951,35.0000,?
1078.3451,35.1876,35.4951,0.1007,1.0000,0.8926,35.0000,?
1086.3451,35.1876,35.4921,0.1007,1.0000,0.8898,35.0000,?
1094.3451,35.8624,35.4951,0.0983,1.0000,0.8864,35.0000,?
1101.3451,34.5314,35.4501,0.1032,1.0000,0.8882,35.0000,?
1102.3451,35.1876,35.4448,0.1007,1.0000,0.8884,35.0000,?
1103.3451,35.1876,35.4397,0.1007,1.0000,0.8000,35.0000,?
1108.3451,35.8624,35.4763,0.0983,1.0000,0.8000,35.0000,?
1109.3451,36.0916,35.4886,0.0975,1.0000,0.7509,35.0000,?
1113.3451,35.1876,35.5129,0.1007,1.0000,0.7469,35.0000,?
1121.3451,34.9669,35.4962,0.1015,1.0000,0.7452,35.0000,?
1128.3451,34.5314,35.4261,0.1032,1.0000,0.7496,35.0000,?
1136.3451,35.6353,35.3795,0.0991,1.0000,0.7518,35.0000,?
1144.3451,35.1876,35.3554,0.1007,1.0000,0.7518,35.0000,?
1151.3451,34.5314,35.2504,0.1032,1.0000,0.7606,35.0000,?
1159.3451,35.6353,35.2847,0.0991,1.0000,0.7556,35.0000,?
1167.3451,35.6353,35.2575,0.0991,1.0000,0.7565,35.0000,?
1175.3451,34.3166,35.2376,0.1040,1.0000,0.7568,35.0000,?
1181.3451,34.7481,35.1823,0.1023,1.0000,0.7614,35.0000,?
1182.3451,-26.1950,33.9547,1.2837,1.0000,0.8000,35.0000,?
1183.3451,-7.1671,33.1323,0.5568,0.0000,0.8000,35.0000,?
1185.3451,-23.6188,30.8449,1.1492,0.0000,0.8000,35.0000,?
1186.3451,-21.3154,29.8017,1.0396,0.0000,0.8000,35.0000,?
1187.3451,148.7780,32.1813,0.0048,1.0000,0.0000,35.0000,?
1189.3451,112.7556,35.5142,0.0105,1.0000,0.0000,35.0000,?
1196.3451,11.2363,35.5142,0.2538,1.0000,0.0000,35.0000,?
1204.3451,34.3166,35.5142,0.1040,1.0000,0.0000,35.0000,?
1210.3451,35.1876,35.5142,0.1007,1.0000,0.0000,35.0000,?
1211.3451,34.9669,35.5142,0.1015,0.0000,0.0000,35.0000,?
1213.3451,34.5314,35.5142,0.1032,0.0000,0.0000,35.0000,?
1221.3451,-39.5256,35.5142,2.1839,0.0000,0.0000,35.0000,?
1229.3451,-23.8286,35.5142,1.1596,0.0000,0.0000,35.0000,?
1236.3451,-23.3092,35.5142,1.1338,0.0000,0.0000,35.0000,?
1237.3451,-22.9792,35.5142,1.1177,0.0000,0.0000,35.0000,?
1238.3451,-23.6188,-23.6188,1.1492,0.0000,0.8000,35.0000,?
1246.3451,-24.0685,-23.6971,1.1717,0.0000,0.8000,35.0000,?
1254.3451,-43.1199,-24.3482,2.4748,0.0000,0.8000,35.0000,?
1261.3451,-26.4732,-24.6791,1.2990,0.0000,0.8000,35.0000,?
1263.3451,-6.7685,-24.3321,0.5472,0.0000,0.8000,35.0000,?
1270.3451,36.5566,-16.2709,0.0959,0.0000,0.8000,35.0000,?
1271.3451,37.2715,-15.2001,0.0935,0.0000,0.8000,35.0000,?
1279.3451,-35.2801,-16.7682,1.8623,0.0000,0.8000,35.0000,?
1280.3480,36.7926,-15.6969,0.0951,0.0000,0.8000,35.0000,?
1288.3451,37.2715,-7.8195,0.0935,0.0000,0.8000,35.0000,?
1289.2981,37.2715,-6.9177,0.0935,0.0000,0.8000,35.0000,?
