time_s,temp_c,temp_ema,vnode,fan_duty,heater_duty,heater_req,setpoint,fan_rpm
2.145,30.466,25,-28,0,0,0.2,30,12600
3.145,30.466,25,-28,0,0,0.2,30,12600
4.145,30.466,25,-28,0,0,0.2,30,12600
5.145,30.466,25,-28,0,0,0.2,30,12600
6.145,30.466,25,-28,0,0,0.2,30,12600
7.145,30.466,25,-28,0,0,0.2,30,12600
8.145,30.466,25,-28,0,0,0.2,30,12600
9.145,30.466,25,-28,0,0,0.2,30,10920
10.145,30.466,25,-28,0,0,0.2,30,10920
11.145,30.6871,25,-29,0,0,0.2,30,10920
12.145,30.6871,25,-29,0,0,0.2,30,10920
13.145,30.6871,25,-29,0,0,0.2,30,10920
14.145,30.6871,25,-29,0,0,0.2,30,10920
15.145,30.6871,25,-29,0,0,0.2,30,10920
16.145,30.6871,25,-29,0,0,0.2,30,10920
17.145,30.6871,25,-29,0,0,0.2,34,10320
18.145,30.6871,25,-29,0,0,0.2,34,10320
19.145,30.9104,25,-30,0,0,0.2,34,10320
20.145,30.9104,25,-30,0,0,0.2,34,10320
21.145,30.9104,25,-30,0,0,0.2,34,10320
22.145,30.9104,25,-30,0,0,0.2,34,10320
23.145,30.9104,30.9104,-30,0,0.2,0.2,34,10320
24.145,30.9104,30.9104,-30,0,0.2,0.2,34,10320
25.145,30.9104,30.9104,-30,0,0.2,0.2,34,10380
26.145,30.9104,30.9104,-30,0,0.2,0.2,34,10380
27.145,30.9104,30.9104,-30,0,0.2,0.2,34,10380
28.145,30.9104,30.9104,-30,0,0.2,0.2,34,10380
29.145,30.9104,30.9104,-30,0,0.2,0.2,34,10380
30.145,30.9104,30.9104,-30,0,0.2,0.2,34,10380
31.145,30.9104,30.9104,-30,0,0.2,0.2,34,10380
32.145,30.9104,30.9104,-30,0,0.2,0.2,34,10380
33.145,30.9104,30.9104,-30,0,0.2,0.2,34,12450
34.145,30.9104,30.9104,-30,0,0.2,0.2,34,12450
35.145,30.9104,30.9104,-30,0,0.2,0.2,34,12450
36.145,30.9104,30.9104,-30,0,0.2,0.2,34,12450
37.145,30.9104,30.9104,-30,0,0.2,0.2,34,12450
38.145,30.9104,30.9104,-30,0,0.2,0.2,34,12450
39.145,30.9104,30.9104,-30,0,0.2,0.2,34,12450
40.145,30.9104,30.9104,-30,0,0.2,0.2,34,12450
41.145,30.9104,30.9104,-30,0,0.2,0.2,34,12540
42.145,31.1358,30.9149,-31,0,0.2,0.2,34,12540
43.145,31.1358,30.9193,-31,0,0.2,0.2,34,12540
44.145,31.1358,30.9237,-31,0,0.2,0.2,34,12540
45.145,31.1358,30.9279,-31,0,0.2,0.2,34,12540
46.145,31.1358,30.9321,-31,0,0.2,0.2,34,12540
47.145,31.1358,30.9361,-31,0,0.2,0.2,34,12540
48.145,31.1358,30.9401,-31,0,0.2,0.2,34,12540
49.145,31.1358,30.944,-31,0,0.2,0.2,34,12510
50.145,31.1358,30.9479,-31,0,0.2,0.2,34,12510
51.145,31.1358,30.9516,-31,0,0.2,0.2,34,12510
52.145,31.1358,30.9553,-31,0,0.2,0.2,34,12510
53.145,31.1358,30.9589,-31,0,0.2,0.2,34,12510
54.145,31.3634,30.967,-32,0,0.2,0.2,34,12510
55.145,31.3634,30.9749,-32,0,0.2,0.2,34,12510
56.145,31.3634,30.9827,-32,0,0.2,0.2,34,12510
57.145,31.3634,30.9903,-32,0,0.2,0.2,34,12510
58.145,31.3634,30.9978,-32,0,0.2,0.2,34,12540
59.145,31.3634,31.0051,-32,0,0.2,0.2,34,12540
60.145,31.3634,31.0123,-32,0,0.2,0.2,34,12540
61.145,31.3634,31.0193,-32,0,0.2,0.2,34,12540
62.145,31.3634,31.0262,-32,0,0.2,0.2,34,12540
63.145,31.3634,31.0329,-32,0,0.2,0.2,34,12540
64.145,31.3634,31.0395,-32,0,0.2,0.2,34,12540
65.145,31.3634,31.046,-32,0,0.2,0.2,34,12540
66.145,31.5932,31.0569,-33,0,0.2,0.2,34,12510
67.145,31.5932,31.0677,-33,0,0.2,0.2,34,12510
68.145,31.5932,31.0782,-33,0,0.2,0.2,34,12510
69.145,31.5932,31.0885,-33,0,0.2,0.2,34,12510
70.145,31.5932,31.0986,-33,0,0.2,0.2,34,12510
71.145,31.5932,31.1085,-33,0,0.2,0.2,34,12510
72.145,31.5932,31.1182,-33,0,0.2,0.2,34,12510
73.145,31.5932,31.1277,-33,0,0.2,0.2,34,12510
74.145,31.5932,31.137,-33,0,0.2,0.2,34,12510
75.145,31.5932,31.1461,-33,0,0.2,0.2,34,12510
76.145,31.5932,31.155,-33,0,0.2,0.2,34,12510
77.145,31.8253,31.1685,-34,0,0.2,0.2,34,12510
78.145,31.8253,31.1816,-34,0,0.2,0.2,34,12510
79.145,31.8253,31.1945,-34,0,0.2,0.2,34,12510
80.145,31.8253,31.2071,-34,0,0.2,0.2,34,12510
81.145,31.8253,31.2194,-34,0,0.2,0.2,34,12510
82.145,31.8253,31.2316,-34,0,0.2,0.2,34,12510
83.145,31.8253,31.2434,-34,0,0.2,0.2,34,12510
84.145,31.8253,31.2551,-34,0,0.2,0.2,34,12510
85.145,31.8253,31.2665,-34,0,0.2,0.2,34,12510
86.145,32.0598,31.2824,-35,0,0.2,0.2,34,12510
87.145,32.0598,31.2979,-35,0,0.2,0.2,34,12510
88.145,32.0598,31.3131,-35,0,0.2,0.2,34,12510
89.145,32.0598,31.3281,-35,0,0.2,0.2,34,12510
90.145,32.0598,31.3427,-35,0,0.2,0.2,34,12510
91.145,32.0598,31.357,-35,0,0.2,0.2,34,12510
92.145,32.0598,31.3711,-35,0,0.2,0.2,34,12510
93.145,32.0598,31.3849,-35,0,0.2,0.2,34,12510
94.145,32.2965,31.4031,-36,0,0.2,0.2,34,12510
95.145,32.2965,31.421,-36,0,0.2,0.2,34,12510
96.145,32.2965,31.4385,-36,0,0.2,0.2,34,12510
97.145,32.2965,31.4556,-36,0,0.2,0.2,34,12510
98.145,32.2965,31.4725,-36,0,0.2,0.2,34,12510
99.145,32.2965,31.4889,-36,0,0.2,0.2,34,12510
100.145,32.2965,31.5051,-36,0,0.2,0.2,34,12510
101.145,32.2965,31.5209,-36,0,0.2,0.2,34,12510
102.145,32.5357,31.5412,-37,0,0.2,0.2,34,12510
103.145,32.5357,31.5611,-37,0,0.2,0.2,34,12510
104.145,32.5357,31.5806,-37,0,0.2,0.2,34,12510
105.145,32.5357,31.5997,-37,0,0.2,0.2,34,12510
106.145,32.5357,31.6184,-37,0,0.2,0.2,34,12510
107.145,32.5357,31.6368,-37,0,0.2,0.2,34,12510
108.145,32.5357,31.6547,-37,0,0.2,0.2,34,12510
109.145,32.5357,31.6724,-37,0,0.2,0.2,34,12510
110.145,32.5357,31.6896,-37,0,0.2,0.2,34,12510
111.145,32.5357,31.7065,-37,0,0.2,0.2,34,12510
112.145,32.7773,31.728,-38,0,0.2,0.2,34,12510
113.145,32.7773,31.7489,-38,0,0.2,0.2,34,12510
114.145,32.7773,31.7695,-38,0,0.2,0.2,34,12510
115.145,32.7773,31.7897,-38,0,0.2,0.2,34,12570
116.145,32.7773,31.8094,-38,0,0.2,0.2,34,12570
117.145,32.7773,31.8288,-38,0,0.2,0.2,34,12570
118.145,32.7773,31.8477,-38,0,0.2,0.2,34,12570
119.145,32.7773,31.8663,-38,0,0.2,0.2,34,12570
120.145,32.7773,31.8846,-38,0,0.2,0.2,34,12570
121.145,32.7773,31.9024,-38,0,0.2,0.2,34,12570
122.145,32.7773,31.9199,-38,0,0.2,0.2,34,12570
123.145,32.7773,31.9371,-38,0,0.2,0.2,34,12570
124.145,33.0214,31.9587,-39,0,0.2,0.2,34,12570
125.145,33.0214,31.98,-39,0,0.2,0.2,34,12570
126.145,33.0214,32.0008,-39,0,0.2,0.2,34,12570
127.145,33.0214,32.0212,-39,0,0.2,0.2,34,12570
128.145,33.0214,32.0412,-39,0,0.2,0.2,34,12570
129.145,33.0214,32.0608,-39,0,0.2,0.2,34,12570
130.145,33.0214,32.0801,-39,0,0.2,0.2,34,12570
131.145,33.0214,32.0989,-39,0,0.2,0.2,34,12570
132.145,33.268,32.1223,-40,0,0.2,0.2,34,12540
133.145,33.268,32.1452,-40,0,0.2,0.2,34,12540
134.145,33.268,32.1676,-40,0,0.2,0.2,34,12540
135.145,33.268,32.1896,-40,0,0.2,0.2,34,12540
136.145,33.268,32.2112,-40,0,0.2,0.2,34,12540
137.145,33.268,32.2323,-40,0,0.2,0.2,34,12540
138.145,33.268,32.2531,-40,0,0.2,0.2,34,12540
139.145,33.268,32.2734,-40,0,0.2,0.2,34,12540
140.145,33.268,32.2933,-40,0,0.2,0.2,34,12510
141.145,33.268,32.3128,-40,0,0.2,0.2,34,12510
142.145,33.268,32.3319,-40,0,0.2,0.2,34,12510
143.145,33.268,32.3506,-40,0,0.2,0.2,34,12510
144.145,33.268,32.3689,-40,0,0.2,0.2,34,12510
145.145,33.5172,32.3919,-41,0,0.2,0.2,34,12510
146.145,33.5172,32.4144,-41,0,0.2,0.2,34,12510
147.145,33.5172,32.4365,-41,0,0.2,0.2,34,12510
148.145,33.5172,32.4581,-41,0,0.2,0.2,34,12510
149.145,33.5172,32.4793,-41,0,0.2,0.2,34,12510
150.145,33.5172,32.5,-41,0,0.2,0.2,34,12510
151.145,33.5172,32.5204,-41,0,0.2,0.2,34,12510
152.145,33.5172,32.5403,-41,0,0.2,0.2,34,12510
153.145,33.5172,32.5598,-41,0,0.2,0.2,34,12510
154.145,33.5172,32.579,-41,0,0.2,0.2,34,12510
155.145,33.5172,32.5977,-41,0,0.2,0.2,34,12510
156.145,33.5172,32.6161,-41,0,0.2,0.2,34,12510
157.145,33.5172,32.6342,-41,0,0.2,0.2,34,12510
158.145,33.5172,32.6518,-41,0,0.2,0.2,34,12510
159.145,33.7691,32.6742,-42,0,0.2,0.2,34,12510
160.145,33.7691,32.6961,-42,0,0.2,0.2,34,12510
161.145,33.7691,32.7175,-42,0,0.2,0.2,34,12510
162.145,33.7691,32.7386,-42,0,0.2,0.2,34,12510
163.145,33.7691,32.7592,-42,0,0.2,0.2,34,12510
164.145,33.7691,32.7794,-42,0,0.2,0.2,34,12480
165.145,33.7691,32.7992,-42,0,0.2,0.2,34,12480
166.145,33.7691,32.8186,-42,0,0.2,0.2,34,12480
167.145,33.7691,32.8376,-42,0,0.2,0.2,34,12480
168.145,33.7691,32.8562,-42,0,0.2,0.2,34,12480
169.145,33.7691,32.8745,-42,0,0.2,0.2,34,12480
170.145,33.7691,32.8924,-42,0,0.2,0.2,34,12480
171.145,33.7691,32.9099,-42,0,0.2,0.2,34,12480
172.145,33.7691,32.9271,-42,0,0.2,0.2,34,12540
173.145,33.7691,32.9439,-42,0,0.2,0.2,34,12540
174.145,33.7691,32.9604,-42,0,0.2,0.2,34,12540
175.145,34.0237,32.9817,-43,0,0.2,0.2,34,12540
176.145,34.0237,33.0025,-43,0,0.2,0.2,34,12540
177.145,34.0237,33.023,-43,0,0.2,0.2,34,12540
178.145,34.0237,33.043,-43,0,0.2,0.2,34,12540
179.145,34.0237,33.0626,-43,0,0.2,0.2,34,12540
180.145,34.0237,33.0818,-43,0,0.2,0.2,34,12540
181.145,34.0237,33.1006,-43,0,0.2,0.2,34,12540
182.145,34.0237,33.1191,-43,0,0.2,0.2,34,12540
183.145,34.0237,33.1372,-43,0,0.2,0.2,34,12540
184.145,34.0237,33.1549,-43,0,0.2,0.2,34,12540
185.145,34.0237,33.1723,-43,0,0.2,0.2,34,12540
186.145,34.0237,33.1893,-43,0,0.2,0.2,34,12540
187.145,34.0237,33.206,-43,0,0.2,0.2,34,12540
188.145,34.0237,33.2224,-43,0,0.2,0.2,34,12540
189.145,34.0237,33.2384,-43,0,0.2,0.2,34,12540
190.145,34.0237,33.2541,-43,0,0.2,0.2,34,12540
191.145,34.0237,33.2695,-43,0,0.2,0.2,34,12540
192.145,34.0237,33.2846,-43,0,0.2,0.2,34,12540
193.145,34.0237,33.2994,-43,0,0.2,0.2,34,12540
194.145,34.0237,33.3139,-43,0,0.2,0.2,34,12540
195.145,34.2811,33.3332,-44,0,0.2,0.2,34,12540
196.145,34.2811,33.3522,-44,0,0.2,0.2,34,12540
197.145,34.2811,33.3707,-44,0,0.2,0.2,34,12480
198.145,34.2811,33.3889,-44,0,0.2,0.2,34,12480
199.145,34.2811,33.4068,-44,0,0.2,0.2,34,12480
200.145,34.2811,33.4243,-44,0,0.2,0.2,34,12480
201.145,34.2811,33.4414,-44,0,0.2,0.2,34,12480
202.145,34.2811,33.4582,-44,0,0.2,0.2,34,12480
203.145,34.2811,33.4747,-44,0,0.2,0.2,34,12480
204.145,34.2811,33.4908,-44,0,0.2,0.2,34,12480
205.145,34.2811,33.5066,-44,0,0.2,0.2,34,12510
206.145,34.2811,33.5221,-44,0,0.2,0.2,34,12510
207.145,34.2811,33.5373,-44,0,0.2,0.2,34,12510
208.145,34.2811,33.5521,-44,0,0.2,0.2,34,12510
209.145,34.2811,33.5667,-44,0,0.2,0.2,34,12510
210.145,34.2811,33.581,-44,0,0.2,0.2,34,12510
211.145,34.2811,33.595,-44,0,0.2,0.2,34,12510
212.145,34.2811,33.6087,-44,0,0.2,0.2,34,12510
213.145,34.2811,33.6222,-44,0,0.2,0.2,34,12510
214.145,34.2811,33.6353,-44,0,0.2,0.2,34,12510
215.145,34.2811,33.6483,-44,0,0.2,0.2,34,12510
216.145,34.2811,33.6609,-44,0,0.2,0.2,34,12510
217.145,34.2811,33.6733,-44,0,0.2,0.2,34,12510
218.145,34.2811,33.6855,-44,0,0.2,0.2,34,12510
219.145,34.5412,33.7026,-45,0,0.2,0.2,34,12510
220.145,34.5412,33.7194,-45,0,0.2,0.2,34,12510
221.145,34.5412,33.7358,-45,0,0.2,0.2,34,12510
222.145,34.5412,33.7519,-45,0,0.2,0.2,34,12510
223.145,34.5412,33.7677,-45,0,0.2,0.2,34,12510
224.145,34.5412,33.7832,-45,0,0.2,0.2,34,12510
225.145,34.5412,33.7983,-45,0,0.2,0.2,34,12510
226.145,34.5412,33.8132,-45,0,0.2,0.2,34,12510
227.145,34.5412,33.8277,-45,0,0.2,0.2,34,12510
228.145,34.5412,33.842,-45,0,0.2,0.2,34,12510
229.145,34.5412,33.856,-45,0,0.2,0.2,34,12510
230.145,34.5412,33.8697,-45,0,0.2,0.2,34,12510
231.145,34.5412,33.8831,-45,0,0.2,0.2,34,12510
232.145,34.5412,33.8963,-45,0,0.2,0.2,34,12510
233.145,34.5412,33.9092,-45,0,0.2,0.2,34,12510
234.145,34.5412,33.9218,-45,0,0.2,0.2,34,12510
235.145,34.5412,33.9342,-45,0,0.2,0.2,34,12510
236.145,34.5412,33.9464,-45,0,0.2,0.2,34,12510
237.145,34.5412,33.9582,-45,0,0.2,0.2,34,12510
238.145,34.5412,33.9699,-45,0,0.2,0.2,34,12480
239.145,34.5412,33.9813,-45,0,0.2,0.2,34,12480
240.145,34.5412,33.9925,-45,0,0.2,0.2,34,12480
241.145,34.5412,34.0035,-45,0.00236919,0.2,0.2,34,12480
242.145,34.5412,34.0143,-45,0.00973582,0.2,0.2,34,12480
243.145,34.8042,34.0301,-46,0.0206153,0.2,0.2,34,12480
244.145,34.8042,34.0455,-46,0.0313749,0.2,0.2,34,12480
245.145,34.8042,34.0607,-46,0.0420179,0.2,0.2,34,12480
246.145,34.8042,34.0756,-46,0.052545,0.2,0.2,34,12510
247.145,34.8042,34.0902,-46,0.0629595,0.2,0.2,34,12510
248.145,34.8042,34.1044,-46,0.073265,0.2,0.2,34,12510
249.145,34.8042,34.1184,-46,0.0834621,0.2,0.2,34,12510
250.145,34.8042,34.1322,-46,0.0935544,0.2,0.2,34,12510
251.145,34.8042,34.1456,-46,0.103543,0.2,0.2,34,12510
252.145,34.8042,34.1588,-46,0.113428,0.2,0.2,34,12510
253.145,34.8042,34.1717,-46,0.123214,0.2,0.2,34,12510
254.145,34.8042,34.1843,-46,0.132902,0.2,0.2,34,12510
255.145,34.8042,34.1967,-46,0.142494,0.2,0.2,34,12510
256.145,34.8042,34.2089,-46,0.151993,0.2,0.2,34,12510
257.145,34.8042,34.2208,-46,0.161399,0.2,0.2,34,12510
258.145,34.8042,34.2324,-46,0.170717,0.2,0.2,34,12510
259.145,34.8042,34.2439,-46,0.179946,0.2,0.2,34,12510
260.145,34.8042,34.2551,-46,0.18909,0.2,0.2,34,12510
261.145,34.8042,34.2661,-46,0.198147,0.2,0.2,34,12510
262.145,34.8042,34.2768,-46,0.207121,0.2,0.2,34,12510
263.145,34.8042,34.2874,-46,0.216014,0.2,0.2,34,12510
264.145,34.8042,34.2977,-46,0.224828,0.2,0.2,34,12510
265.145,34.8042,34.3079,-46,0.233565,0.2,0.2,34,12510
266.145,34.8042,34.3178,-46,0.242223,0.2,0.2,34,12510
267.145,34.8042,34.3275,-46,0.250805,0.2,0.2,34,12510
268.145,34.8042,34.337,-46,0.259315,0.2,0.2,34,12510
269.145,34.8042,34.3464,-46,0.267752,0.2,0.2,34,12510
270.145,34.8042,34.3555,-46,0.276118,0.2,0.2,34,12510
271.145,34.8042,34.3645,-46,0.284416,0.2,0.2,34,12510
272.145,34.8042,34.3733,-46,0.292645,0.2,0.2,34,12510
273.145,34.8042,34.3819,-46,0.300808,0.2,0.2,34,12510
274.145,34.8042,34.3904,-46,0.308907,0.2,0.2,34,12510
275.145,34.8042,34.3986,-46,0.316942,0.2,0.2,34,12510
276.145,34.8042,34.4068,-46,0.324914,0.2,0.2,34,12510
277.145,34.8042,34.4147,-46,0.332825,0.2,0.2,34,12510
278.145,35.0702,34.4278,-47,0.344308,0.2,0.2,34,12510
279.145,35.0702,34.4407,-47,0.355693,0.2,0.2,34,12900
280.145,35.0702,34.4532,-47,0.36698,0.2,0.2,34,12900
281.145,35.0702,34.4656,-47,0.378171,0.2,0.2,34,12900
282.145,35.0702,34.4777,-47,0.389271,0.2,0.2,34,12900
283.145,35.0702,34.4895,-47,0.400278,0.2,0.2,34,12900
284.145,35.0702,34.5011,-47,0.411195,0.2,0.2,34,12900
285.145,35.0702,34.5125,-47,0.422025,0.2,0.2,34,12900
286.145,35.0702,34.5237,-47,0.43277,0.2,0.2,34,12900
287.145,35.0702,34.5346,-47,0.44343,0.2,0.2,34,12900
288.145,35.0702,34.5453,-47,0.454007,0.2,0.2,34,14580
289.145,35.0702,34.5558,-47,0.464504,0.2,0.2,34,14580
290.145,35.0702,34.5661,-47,0.474922,0.2,0.2,34,14580
291.145,35.0702,34.5762,-47,0.485262,0.2,0.2,34,14580
292.145,35.0702,34.5861,-47,0.495525,0.2,0.2,34,14580
293.145,35.0702,34.5957,-47,0.505713,0.2,0.2,34,14580
294.145,35.0702,34.6052,-47,0.515828,0.2,0.2,34,14580
295.145,35.0702,34.6145,-47,0.525872,0.2,0.2,34,14580
296.145,34.8042,34.6183,-46,0.532213,0.2,0.2,34,17460
297.145,34.8042,34.622,-46,0.538526,0.2,0.2,34,17460
298.145,34.8042,34.6257,-46,0.544808,0.2,0.2,34,17460
299.145,34.8042,34.6293,-46,0.551064,0.2,0.2,34,17460
300.145,34.8042,34.6328,-46,0.557292,0.2,0.2,34,17460
301.145,34.8042,34.6362,-46,0.563494,0.2,0.2,34,17460
302.145,34.8042,34.6395,-46,0.56967,0.2,0.2,34,17460
303.145,34.8042,34.6428,-46,0.57582,0.2,0.2,34,17460
304.145,34.8042,34.6461,-46,0.581946,0.2,0.2,34,20190
305.145,34.8042,34.6492,-46,0.588047,0.2,0.2,34,20190
306.145,34.8042,34.6523,-46,0.594126,0.2,0.2,34,20190
307.145,34.8042,34.6554,-46,0.600179,0.2,0.2,34,20190
308.145,34.5412,34.6531,-45,0.602616,0.2,0.2,34,20190
309.145,34.5412,34.6508,-45,0.60507,0.2,0.2,34,20190
310.145,34.5412,34.6486,-45,0.607542,0.2,0.2,34,20190
311.145,34.5412,34.6465,-45,0.610032,0.2,0.2,34,20190
312.145,34.5412,34.6444,-45,0.612537,0.2,0.2,34,22020
313.145,34.5412,34.6423,-45,0.615058,0.2,0.2,34,22020
314.145,34.5412,34.6403,-45,0.617595,0.2,0.2,34,22020
315.145,34.5412,34.6383,-45,0.620146,0.2,0.2,34,22020
316.145,34.5412,34.6364,-45,0.622714,0.2,0.2,34,22020
317.145,34.5412,34.6345,-45,0.625296,0.2,0.2,34,22020
318.145,34.5412,34.6326,-45,0.627892,0.2,0.2,34,22020
319.145,34.5412,34.6308,-45,0.630503,0.2,0.2,34,22020
320.145,34.5412,34.629,-45,0.633126,0.2,0.2,34,23040
321.145,34.2811,34.622,-44,0.63221,0.2,0.2,34,23040
322.145,34.2811,34.6152,-44,0.631346,0.2,0.2,34,23040
323.145,34.2811,34.6085,-44,0.630533,0.2,0.2,34,23040
324.145,34.2811,34.602,-44,0.629772,0.2,0.2,34,23040
325.145,34.2811,34.5956,-44,0.629058,0.2,0.2,34,23040
326.145,34.2811,34.5893,-44,0.628395,0.2,0.2,34,23040
327.145,34.2811,34.5831,-44,0.627778,0.2,0.2,34,23040
328.145,34.2811,34.5771,-44,0.627208,0.2,0.2,34,23040
329.145,34.2811,34.5711,-44,0.626684,0.2,0.2,34,23490
330.145,34.2811,34.5653,-44,0.626205,0.2,0.2,34,23490
331.145,34.2811,34.5597,-44,0.625771,0.2,0.2,34,23490
332.145,34.2811,34.5541,-44,0.625378,0.2,0.2,34,23490
333.145,34.2811,34.5486,-44,0.62503,0.2,0.2,34,23490
334.145,34.2811,34.5433,-44,0.624721,0.2,0.2,34,23490
335.145,34.0237,34.5329,-43,0.620937,0.2,0.2,34,23490
336.145,34.0237,34.5227,-43,0.61723,0.2,0.2,34,23490
337.145,34.0237,34.5127,-43,0.613602,0.2,0.2,34,23310
338.145,34.0237,34.5029,-43,0.610049,0.2,0.2,34,23310
339.145,34.0237,34.4934,-43,0.606569,0.2,0.2,34,23310
340.145,34.0237,34.484,-43,0.603164,0.2,0.2,34,23310
341.145,34.0237,34.4748,-43,0.599828,0.2,0.2,34,23310
342.145,34.0237,34.4657,-43,0.596562,0.2,0.2,34,23310
343.145,34.0237,34.4569,-43,0.593366,0.2,0.2,34,23310
344.145,34.0237,34.4482,-43,0.590235,0.2,0.2,34,23310
345.145,34.0237,34.4397,-43,0.58717,0.2,0.2,34,22590
346.145,34.0237,34.4314,-43,0.584169,0.2,0.2,34,22590
347.145,34.0237,34.4233,-43,0.58123,0.2,0.2,34,22590
348.145,34.0237,34.4153,-43,0.578353,0.2,0.2,34,22590
349.145,34.0237,34.4074,-43,0.575537,0.2,0.2,34,22590
350.145,34.0237,34.3998,-43,0.57278,0.2,0.2,34,22590
351.145,34.0237,34.3922,-43,0.57008,0.2,0.2,34,22590
352.145,34.0237,34.3849,-43,0.567438,0.2,0.2,34,22590
353.145,34.0237,34.3776,-43,0.564851,0.2,0.2,34,21600
354.145,34.0237,34.3706,-43,0.562319,0.2,0.2,34,21600
355.145,34.0237,34.3636,-43,0.55984,0.2,0.2,34,21600
356.145,34.0237,34.3568,-43,0.557414,0.2,0.2,34,21600
357.145,34.0237,34.3502,-43,0.555042,0.2,0.2,34,21600
358.145,34.0237,34.3436,-43,0.552717,0.2,0.2,34,21600
359.145,34.0237,34.3372,-43,0.550443,0.2,0.2,34,21600
360.145,34.0237,34.331,-43,0.548217,0.2,0.2,34,21600
361.145,34.0237,34.3248,-43,0.546038,0.2,0.2,34,21600
362.145,34.0237,34.3188,-43,0.543905,0.2,0.2,34,20790
363.145,34.0237,34.3129,-43,0.541819,0.2,0.2,34,20790
364.145,34.0237,34.3071,-43,0.539778,0.2,0.2,34,20790
365.145,34.0237,34.3014,-43,0.537779,0.2,0.2,34,20790
366.145,34.0237,34.2959,-43,0.535824,0.2,0.2,34,20790
367.145,34.0237,34.2905,-43,0.533911,0.2,0.2,34,20790
368.145,34.0237,34.2851,-43,0.53204,0.2,0.2,34,20790
369.145,34.0237,34.2799,-43,0.530207,0.2,0.2,34,20790
370.145,34.0237,34.2748,-43,0.528415,0.2,0.2,34,20130
371.145,34.0237,34.2697,-43,0.526662,0.2,0.2,34,20130
372.145,34.0237,34.2648,-43,0.524946,0.2,0.2,34,20130
373.145,34.0237,34.26,-43,0.523268,0.2,0.2,34,20130
374.145,34.0237,34.2553,-43,0.521626,0.2,0.2,34,20130
375.145,34.0237,34.2506,-43,0.52002,0.2,0.2,34,20130
376.145,34.0237,34.2461,-43,0.518448,0.2,0.2,34,20130
377.145,34.0237,34.2417,-43,0.516911,0.2,0.2,34,20130
378.145,34.0237,34.2373,-43,0.515407,0.2,0.2,34,19470
379.145,34.0237,34.233,-43,0.513936,0.2,0.2,34,19470
380.145,34.0237,34.2288,-43,0.512499,0.2,0.2,34,19470
381.145,34.0237,34.2247,-43,0.511094,0.2,0.2,34,19470
382.145,34.0237,34.2207,-43,0.509719,0.2,0.2,34,19470
383.145,34.0237,34.2168,-43,0.508373,0.2,0.2,34,19470
384.145,34.0237,34.2129,-43,0.507059,0.2,0.2,34,19470
385.145,34.0237,34.2091,-43,0.505773,0.2,0.2,34,19470
386.145,34.0237,34.2054,-43,0.504516,0.2,0.2,34,18930
387.145,34.0237,34.2018,-43,0.503286,0.2,0.2,34,18930
388.145,34.0237,34.1982,-43,0.502083,0.2,0.2,34,18930
389.145,34.0237,34.1947,-43,0.500908,0.2,0.2,34,18930
390.145,34.0237,34.1913,-43,0.499759,0.2,0.2,34,18930
391.145,34.0237,34.188,-43,0.498635,0.2,0.2,34,18930
392.145,34.0237,34.1847,-43,0.497538,0.2,0.2,34,18930
393.145,34.0237,34.1815,-43,0.496466,0.2,0.2,34,18930
394.145,34.0237,34.1783,-43,0.495418,0.2,0.2,34,18600
395.145,34.0237,34.1752,-43,0.494395,0.2,0.2,34,18600
396.145,34.0237,34.1722,-43,0.493395,0.2,0.2,34,18600
397.145,34.0237,34.1692,-43,0.492418,0.2,0.2,34,18600
398.145,34.0237,34.1663,-43,0.491462,0.2,0.2,34,18600
399.145,34.0237,34.1635,-43,0.490528,0.2,0.2,34,18600
400.145,34.0237,34.1607,-43,0.489615,0.2,0.2,34,18600
401.145,34.0237,34.1579,-43,0.488724,0.2,0.2,34,18600
402.145,34.0237,34.1552,-43,0.487853,0.2,0.2,34,18300
403.145,34.0237,34.1526,-43,0.487002,0.2,0.2,34,18300
404.145,34.0237,34.15,-43,0.486171,0.2,0.2,34,18300
405.145,34.0237,34.1475,-43,0.485362,0.2,0.2,34,18300
406.145,34.0237,34.145,-43,0.48457,0.2,0.2,34,18300
407.145,34.0237,34.1426,-43,0.483798,0.2,0.2,34,18300
408.145,34.0237,34.1402,-43,0.483044,0.2,0.2,34,18300
409.145,34.0237,34.1379,-43,0.482307,0.2,0.2,34,18300
410.145,34.0237,34.1356,-43,0.481588,0.2,0.2,34,18300
411.145,34.0237,34.1334,-43,0.480885,0.2,0.2,34,17940
412.145,34.0237,34.1312,-43,0.480201,0.2,0.2,34,17940
413.145,34.0237,34.129,-43,0.479534,0.2,0.2,34,17940
414.145,34.0237,34.1269,-43,0.478883,0.2,0.2,34,17940
415.145,34.0237,34.1249,-43,0.478247,0.2,0.2,34,17940
416.145,34.0237,34.1228,-43,0.477628,0.2,0.2,34,17940
417.145,34.0237,34.1208,-43,0.477022,0.2,0.2,34,17940
418.145,34.0237,34.1189,-43,0.476433,0.2,0.2,34,17940
419.145,34.0237,34.117,-43,0.475858,0.2,0.2,34,17670
420.145,34.0237,34.1151,-43,0.475298,0.2,0.2,34,17670
421.145,34.0237,34.1133,-43,0.474752,0.2,0.2,34,17670
422.145,34.0237,34.1115,-43,0.474218,0.2,0.2,34,17670
423.145,34.0237,34.1098,-43,0.4737,0.2,0.2,34,17670
424.145,34.0237,34.108,-43,0.473194,0.2,0.2,34,17670
425.145,34.2811,34.1115,-44,0.476217,0.2,0.2,34,17670
426.145,34.2811,34.1149,-44,0.479213,0.2,0.2,34,17670
427.145,34.2811,34.1182,-44,0.482184,0.2,0.2,34,17550
428.145,34.2811,34.1215,-44,0.48513,0.2,0.2,34,17550
429.145,34.2811,34.1247,-44,0.488052,0.2,0.2,34,17550
430.145,34.2811,34.1278,-44,0.490949,0.2,0.2,34,17550
431.145,34.2811,34.1309,-44,0.493823,0.2,0.2,34,17550
432.145,34.2811,34.1339,-44,0.496675,0.2,0.2,34,17550
433.145,34.2811,34.1368,-44,0.499503,0.2,0.2,34,17550
434.145,34.2811,34.1397,-44,0.502307,0.2,0.2,34,17550
435.145,34.2811,34.1425,-44,0.50509,0.2,0.2,34,18030
436.145,34.2811,34.1453,-44,0.507851,0.2,0.2,34,18030
437.145,34.2811,34.148,-44,0.510593,0.2,0.2,34,18030
438.145,34.2811,34.1507,-44,0.513314,0.2,0.2,34,18030
439.145,34.2811,34.1533,-44,0.516016,0.2,0.2,34,18030
440.145,34.2811,34.1558,-44,0.518697,0.2,0.2,34,18030
441.145,34.2811,34.1583,-44,0.521359,0.2,0.2,34,18030
442.145,34.2811,34.1608,-44,0.524,0.2,0.2,34,18030
443.145,34.2811,34.1632,-44,0.526625,0.2,0.2,34,18030
444.145,34.2811,34.1656,-44,0.529231,0.2,0.2,34,18930
445.145,34.2811,34.1679,-44,0.53182,0.2,0.2,34,18930
446.145,34.2811,34.1701,-44,0.534389,0.2,0.2,34,18930
447.145,34.2811,34.1724,-44,0.536943,0.2,0.2,34,18930
448.145,34.2811,34.1745,-44,0.53948,0.2,0.2,34,18930
449.145,34.2811,34.1767,-44,0.542001,0.2,0.2,34,18930
450.145,34.2811,34.1787,-44,0.544504,0.2,0.2,34,18930
451.145,34.2811,34.1808,-44,0.546991,0.2,0.2,34,18930
452.145,34.0237,34.1776,-43,0.545947,0.2,0.2,34,19740
453.145,34.0237,34.1746,-43,0.544928,0.2,0.2,34,19740
454.145,34.0237,34.1716,-43,0.543931,0.2,0.2,34,19740
455.145,34.0237,34.1686,-43,0.542959,0.2,0.2,34,19740
456.145,34.0237,34.1657,-43,0.542007,0.2,0.2,34,19740
457.145,34.0237,34.1629,-43,0.541079,0.2,0.2,34,19740
458.145,34.0237,34.1601,-43,0.54017,0.2,0.2,34,19740
459.145,34.0237,34.1573,-43,0.539284,0.2,0.2,34,19740
460.145,34.0237,34.1547,-43,0.538417,0.2,0.2,34,20160
461.145,34.0237,34.1521,-43,0.53757,0.2,0.2,34,20160
462.145,34.0237,34.1495,-43,0.536744,0.2,0.2,34,20160
463.145,34.0237,34.147,-43,0.535939,0.2,0.2,34,20160
464.145,34.0237,34.1445,-43,0.535152,0.2,0.2,34,20160
465.145,34.0237,34.1421,-43,0.534384,0.2,0.2,34,20160
466.145,34.0237,34.1397,-43,0.533633,0.2,0.2,34,20160
467.145,34.0237,34.1374,-43,0.532901,0.2,0.2,34,20160
468.145,34.0237,34.1351,-43,0.532186,0.2,0.2,34,19890
469.145,34.0237,34.1329,-43,0.531489,0.2,0.2,34,19890
470.145,34.0237,34.1307,-43,0.530809,0.2,0.2,34,19890
471.145,34.0237,34.1286,-43,0.530145,0.2,0.2,34,19890
472.145,34.0237,34.1265,-43,0.529496,0.2,0.2,34,19890
473.145,34.0237,34.1244,-43,0.528863,0.2,0.2,34,19890
474.145,34.0237,34.1224,-43,0.528246,0.2,0.2,34,19890
475.145,34.0237,34.1204,-43,0.527646,0.2,0.2,34,19890
476.145,34.0237,34.1185,-43,0.527059,0.2,0.2,34,19680
477.145,34.0237,34.1166,-43,0.526487,0.2,0.2,34,19680
478.145,34.0237,34.1147,-43,0.52593,0.2,0.2,34,19680
479.145,34.0237,34.1129,-43,0.525387,0.2,0.2,34,19680
480.145,34.0237,34.1111,-43,0.524856,0.2,0.2,34,19680
481.145,34.0237,34.1094,-43,0.524341,0.2,0.2,34,19680
482.145,34.0237,34.1077,-43,0.523838,0.2,0.2,34,19680
483.145,34.0237,34.106,-43,0.523349,0.2,0.2,34,19680
484.145,34.0237,34.1044,-43,0.522872,0.2,0.2,34,19680
485.145,34.0237,34.1027,-43,0.522407,0.2,0.2,34,19530
486.145,34.0237,34.1012,-43,0.521955,0.2,0.2,34,19530
487.145,34.0237,34.0996,-43,0.521514,0.2,0.2,34,19530
488.145,34.0237,34.0981,-43,0.521085,0.2,0.2,34,19530
489.145,34.0237,34.0966,-43,0.520667,0.2,0.2,34,19530
490.145,34.0237,34.0952,-43,0.520261,0.2,0.2,34,19530
491.145,34.0237,34.0937,-43,0.519864,0.2,0.2,34,19530
492.145,34.0237,34.0923,-43,0.51948,0.2,0.2,34,19530
493.145,34.0237,34.091,-43,0.519105,0.2,0.2,34,19320
494.145,34.0237,34.0896,-43,0.51874,0.2,0.2,34,19320
495.145,34.0237,34.0883,-43,0.518387,0.2,0.2,34,19320
496.145,34.0237,34.087,-43,0.518043,0.2,0.2,34,19320
497.145,34.0237,34.0857,-43,0.517708,0.2,0.2,34,19320
498.145,34.0237,34.0845,-43,0.517385,0.2,0.2,34,19320
499.145,34.0237,34.0833,-43,0.517069,0.2,0.2,34,19320
500.145,34.0237,34.0821,-43,0.516764,0.2,0.2,34,19320
501.145,34.0237,34.0809,-43,0.516467,0.2,0.2,34,19230
502.145,34.0237,34.0798,-43,0.516179,0.2,0.2,34,19230
503.145,34.0237,34.0787,-43,0.5159,0.2,0.2,34,19230
504.145,34.0237,34.0776,-43,0.515629,0.2,0.2,34,19230
505.145,34.0237,34.0765,-43,0.515367,0.2,0.2,34,19230
506.145,34.0237,34.0754,-43,0.515112,0.2,0.2,34,19230
507.145,34.0237,34.0744,-43,0.514866,0.2,0.2,34,19230
508.145,34.0237,34.0734,-43,0.514627,0.2,0.2,34,19230
509.145,34.0237,34.0724,-43,0.514397,0.2,0.2,34,19080
510.145,34.2811,34.0766,-44,0.517689,0.2,0.2,34,19080
511.145,34.2811,34.0806,-44,0.520949,0.2,0.2,34,19080
512.145,34.2811,34.0847,-44,0.524179,0.2,0.2,34,19080
513.145,34.2811,34.0886,-44,0.52738,0.2,0.2,34,19080
514.145,34.2811,34.0924,-44,0.530549,0.2,0.2,34,19080
515.145,34.2811,34.0962,-44,0.53369,0.2,0.2,34,19080
516.145,34.2811,34.0999,-44,0.536801,0.2,0.2,34,19080
517.145,34.2811,34.1035,-44,0.539886,0.2,0.2,34,19080
518.145,34.2811,34.1071,-44,0.542944,0.2,0.2,34,19380
519.145,34.2811,34.1106,-44,0.545973,0.2,0.2,34,19380
520.145,34.2811,34.114,-44,0.548977,0.2,0.2,34,19380
521.145,34.2811,34.1173,-44,0.551955,0.2,0.2,34,19380
522.145,34.2811,34.1206,-44,0.554908,0.2,0.2,34,19380
523.145,34.2811,34.1238,-44,0.557835,0.2,0.2,34,19380
524.145,34.2811,34.1269,-44,0.56074,0.2,0.2,34,19380
525.145,34.2811,34.13,-44,0.56362,0.2,0.2,34,19380
526.145,34.2811,34.133,-44,0.566476,0.2,0.2,34,20220
527.145,34.2811,34.136,-44,0.56931,0.2,0.2,34,20220
528.145,34.2811,34.1389,-44,0.572122,0.2,0.2,34,20220
529.145,34.2811,34.1417,-44,0.574911,0.2,0.2,34,20220
530.145,34.2811,34.1445,-44,0.577678,0.2,0.2,34,20220
531.145,34.2811,34.1473,-44,0.580425,0.2,0.2,34,20220
532.145,34.0237,34.1448,-43,0.579635,0.2,0.2,34,20220
533.145,34.0237,34.1424,-43,0.578863,0.2,0.2,34,20220
534.145,34.0237,34.14,-43,0.578111,0.2,0.2,34,21180
535.145,34.0237,34.1377,-43,0.577376,0.2,0.2,34,21180
536.145,34.0237,34.1354,-43,0.57666,0.2,0.2,34,21180
537.145,34.0237,34.1332,-43,0.575959,0.2,0.2,34,21180
538.145,34.0237,34.131,-43,0.575276,0.2,0.2,34,21180
539.145,34.0237,34.1288,-43,0.57461,0.2,0.2,34,21180
540.145,34.0237,34.1267,-43,0.57396,0.2,0.2,34,21180
541.145,34.0237,34.1247,-43,0.573326,0.2,0.2,34,21180
542.145,34.0237,34.1226,-43,0.572708,0.2,0.2,34,21420
543.145,34.0237,34.1207,-43,0.572104,0.2,0.2,34,21420
544.145,34.0237,34.1187,-43,0.571516,0.2,0.2,34,21420
545.145,34.0237,34.1168,-43,0.570943,0.2,0.2,34,21420
546.145,34.0237,34.115,-43,0.570384,0.2,0.2,34,21420
547.145,34.0237,34.1131,-43,0.56984,0.2,0.2,34,21420
548.145,34.0237,34.1114,-43,0.569308,0.2,0.2,34,21420
549.145,34.0237,34.1096,-43,0.568791,0.2,0.2,34,21420
550.145,34.0237,34.1079,-43,0.568287,0.2,0.2,34,21300
551.145,34.0237,34.1062,-43,0.567796,0.2,0.2,34,21300
552.145,34.0237,34.1046,-43,0.567318,0.2,0.2,34,21300
553.145,34.0237,34.1029,-43,0.566851,0.2,0.2,34,21300
554.145,34.0237,34.1014,-43,0.566398,0.2,0.2,34,21300
555.145,34.0237,34.0998,-43,0.565956,0.2,0.2,34,21300
556.145,34.0237,34.0983,-43,0.565525,0.2,0.2,34,21300
557.145,34.0237,34.0968,-43,0.565106,0.2,0.2,34,21300
558.145,34.0237,34.0953,-43,0.564698,0.2,0.2,34,21090
559.145,34.0237,34.0939,-43,0.564302,0.2,0.2,34,21090
560.145,34.0237,34.0925,-43,0.563916,0.2,0.2,34,21090
561.145,34.0237,34.0911,-43,0.56354,0.2,0.2,34,21090
562.145,34.0237,34.0898,-43,0.563176,0.2,0.2,34,21090
563.145,34.0237,34.0884,-43,0.562822,0.2,0.2,34,21090
564.145,34.0237,34.0872,-43,0.562478,0.2,0.2,34,21090
565.145,34.0237,34.0859,-43,0.562142,0.2,0.2,34,21090
566.145,34.0237,34.0846,-43,0.561817,0.2,0.2,34,21090
567.145,34.0237,34.0834,-43,0.561502,0.2,0.2,34,20940
568.145,34.0237,34.0822,-43,0.561195,0.2,0.2,34,20940
569.145,34.0237,34.0811,-43,0.560897,0.2,0.2,34,20940
570.145,34.0237,34.0799,-43,0.560607,0.2,0.2,34,20940
571.145,34.0237,34.0788,-43,0.560326,0.2,0.2,34,20940
572.145,33.7691,34.0726,-42,0.556577,0.2,0.2,34,20940
573.145,33.7691,34.0665,-42,0.552875,0.2,0.2,34,20940
574.145,33.7691,34.0606,-42,0.549218,0.2,0.2,34,20940
575.145,33.7691,34.0547,-42,0.545606,0.2,0.2,34,20820
576.145,33.7691,34.049,-42,0.54204,0.2,0.2,34,20820
577.145,33.7691,34.0434,-42,0.538516,0.2,0.2,34,20820
578.145,33.7691,34.038,-42,0.535034,0.2,0.2,34,20820
579.145,33.7691,34.0326,-42,0.531595,0.2,0.2,34,20820
580.145,33.7691,34.0273,-42,0.528195,0.2,0.2,34,20820
581.145,33.7691,34.0221,-42,0.524834,0.2,0.2,34,20820
582.145,33.7691,34.0171,-42,0.521511,0.2,0.2,34,20820
583.145,33.7691,34.0121,-42,0.518228,0.2,0.2,34,19980
584.145,33.7691,34.0073,-42,0.514982,0.2,0.2,34,19980
585.145,33.7691,34.0025,-42,0.511775,0.2,0.2,34,19980
586.145,33.7691,33.9978,-42,0.508601,0.2,0.2,34,19980
587.145,33.7691,33.9933,-42,0.505464,0.2,0.2,34,19980
588.145,33.7691,33.9888,-42,0.502361,0.2,0.2,34,19980
589.145,33.7691,33.9844,-42,0.499291,0.2,0.2,34,19980
590.145,33.7691,33.9801,-42,0.496254,0.2,0.2,34,19980
591.145,33.7691,33.9759,-42,0.49325,0.2,0.2,34,18930
592.145,33.7691,33.9717,-42,0.490279,0.2,0.2,34,18930
593.145,33.7691,33.9677,-42,0.487339,0.2,0.2,34,18930
594.145,33.7691,33.9637,-42,0.484429,0.2,0.2,34,18930
595.145,33.7691,33.9598,-42,0.48155,0.2,0.2,34,18930
596.145,34.0237,33.9611,-43,0.482178,0.2,0.2,34,18930
597.145,34.0237,33.9623,-43,0.482795,0.2,0.2,34,18930
598.145,34.0237,33.9636,-43,0.483405,0.2,0.2,34,18930
599.145,34.0237,33.9648,-43,0.484003,0.2,0.2,34,18030
600.145,34.0237,33.966,-43,0.484593,0.2,0.2,34,18030
601.145,34.0237,33.9671,-43,0.485175,0.2,0.2,34,18030
602.145,34.0237,33.9682,-43,0.485748,0.2,0.2,34,18030
603.145,34.0237,33.9693,-43,0.486313,0.2,0.2,34,18030
604.145,34.0237,33.9704,-43,0.486868,0.2,0.2,34,18030
605.145,34.0237,33.9715,-43,0.487415,0.2,0.2,34,18030
606.145,34.0237,33.9725,-43,0.487955,0.2,0.2,34,18030
607.145,34.0237,33.9736,-43,0.488486,0.2,0.2,34,18030
608.145,34.0237,33.9746,-43,0.48901,0.2,0.2,34,17970
609.145,34.0237,33.9756,-43,0.489527,0.2,0.2,34,17970
610.145,34.0237,33.9765,-43,0.490035,0.2,0.2,34,17970
611.145,34.0237,33.9775,-43,0.490535,0.2,0.2,34,17970
612.145,34.0237,33.9784,-43,0.491028,0.2,0.2,34,17970
613.145,34.0237,33.9793,-43,0.491516,0.2,0.2,34,17970
614.145,34.0237,33.9802,-43,0.491997,0.2,0.2,34,17970
615.145,34.0237,33.981,-43,0.49247,0.2,0.2,34,17970
616.145,34.0237,33.9819,-43,0.492938,0.2,0.2,34,18120
617.145,34.0237,33.9827,-43,0.493399,0.2,0.2,34,18120
618.145,34.0237,33.9836,-43,0.493854,0.2,0.2,34,18120
619.145,34.0237,33.9844,-43,0.494303,0.2,0.2,34,18120
620.145,34.0237,33.9851,-43,0.494744,0.2,0.2,34,18120
621.145,34.0237,33.9859,-43,0.49518,0.2,0.2,34,18120
622.145,33.7691,33.9816,-42,0.492132,0.2,0.2,34,18120
623.145,34.0237,33.9824,-43,0.492595,0.2,0.2,34,18120
624.145,34.0237,33.9832,-43,0.493051,0.2,0.2,34,18270
625.145,34.0237,33.9841,-43,0.493501,0.2,0.2,34,18270
626.145,34.0237,33.9849,-43,0.493946,0.2,0.2,34,18270
627.145,34.0237,33.9856,-43,0.494385,0.2,0.2,34,18270
628.145,34.0237,33.9864,-43,0.494818,0.2,0.2,34,18270
629.145,34.0237,33.9871,-43,0.495246,0.2,0.2,34,18270
630.145,34.0237,33.9879,-43,0.495668,0.2,0.2,34,18270
631.145,34.0237,33.9886,-43,0.496084,0.2,0.2,34,18270
632.145,34.0237,33.9893,-43,0.496494,0.2,0.2,34,18270
633.145,34.0237,33.99,-43,0.496897,0.2,0.2,34,18270
634.145,34.0237,33.9907,-43,0.497297,0.2,0.2,34,18270
635.145,34.0237,33.9913,-43,0.497691,0.2,0.2,34,18270
636.145,34.0237,33.992,-43,0.498081,0.2,0.2,34,18270
637.145,34.0237,33.9926,-43,0.498465,0.2,0.2,34,18270
638.145,34.0237,33.9932,-43,0.498844,0.2,0.2,34,18270
639.145,34.0237,33.9938,-43,0.49922,0.2,0.2,34,18270
640.145,34.0237,33.9944,-43,0.499591,0.2,0.2,34,18270
641.145,34.0237,33.995,-43,0.499958,0.2,0.2,34,18420
642.145,34.0237,33.9956,-43,0.500319,0.2,0.2,34,18420
643.145,34.0237,33.9961,-43,0.500675,0.2,0.2,34,18420
644.145,34.0237,33.9967,-43,0.501029,0.2,0.2,34,18420
645.145,34.0237,33.9972,-43,0.501379,0.2,0.2,34,18420
646.145,34.0237,33.9978,-43,0.501724,0.2,0.2,34,18420
647.145,34.0237,33.9983,-43,0.502065,0.2,0.2,34,18420
648.145,34.0237,33.9988,-43,0.502401,0.2,0.2,34,18420
649.145,34.0237,33.9993,-43,0.502735,0.2,0.2,34,18510
650.145,34.0237,33.9998,-43,0.503065,0.2,0.2,34,18510
651.145,34.0237,34.0003,-43,0.503389,0.2,0.2,34,18510
652.145,34.0237,34.0007,-43,0.503711,0.2,0.2,34,18510
653.145,34.0237,34.0012,-43,0.504028,0.2,0.2,34,18510
654.145,34.0237,34.0016,-43,0.504343,0.2,0.2,34,18510
655.145,34.0237,34.0021,-43,0.504655,0.2,0.2,34,18510
656.145,34.0237,34.0025,-43,0.504963,0.2,0.2,34,18510
657.145,34.0237,34.0029,-43,0.505267,0.2,0.2,34,18660
658.145,34.0237,34.0034,-43,0.505569,0.2,0.2,34,18660
659.145,34.0237,34.0038,-43,0.505868,0.2,0.2,34,18660
660.145,34.0237,34.0042,-43,0.506165,0.2,0.2,34,18660
661.145,34.0237,34.0046,-43,0.506456,0.2,0.2,34,18660
662.145,34.0237,34.0049,-43,0.506744,0.2,0.2,34,18660
663.145,34.0237,34.0053,-43,0.50703,0.2,0.2,34,18660
664.145,34.0237,34.0057,-43,0.507312,0.2,0.2,34,18660
665.145,34.0237,34.006,-43,0.507594,0.2,0.2,34,18720
666.145,34.0237,34.0064,-43,0.507873,0.2,0.2,34,18720
667.145,34.0237,34.0067,-43,0.50815,0.2,0.2,34,18720
668.145,34.0237,34.0071,-43,0.508423,0.2,0.2,34,18720
669.145,34.0237,34.0074,-43,0.508692,0.2,0.2,34,18720
670.145,34.0237,34.0077,-43,0.508959,0.2,0.2,34,18720
671.145,34.0237,34.0081,-43,0.509225,0.2,0.2,34,18720
672.145,34.0237,34.0084,-43,0.509488,0.2,0.2,34,18720
673.145,34.0237,34.0087,-43,0.509747,0.2,0.2,34,18810
674.145,34.0237,34.009,-43,0.510006,0.2,0.2,34,18810
675.145,34.0237,34.0093,-43,0.510262,0.2,0.2,34,18810
676.145,34.0237,34.0096,-43,0.510516,0.2,0.2,34,18810
677.145,34.0237,34.0098,-43,0.510767,0.2,0.2,34,18810
678.145,34.0237,34.0101,-43,0.511017,0.2,0.2,34,18810
679.145,34.0237,34.0104,-43,0.511264,0.2,0.2,34,18810
680.145,34.2811,34.0158,-44,0.515025,0.2,0.2,34,18810
681.145,34.0237,34.016,-43,0.515228,0.2,0.2,34,18900
682.145,34.0237,34.0161,-43,0.515432,0.2,0.2,34,18900
683.145,34.0237,34.0163,-43,0.515635,0.2,0.2,34,18900
684.145,34.0237,34.0164,-43,0.515836,0.2,0.2,34,18900
685.145,34.0237,34.0166,-43,0.516035,0.2,0.2,34,18900
686.145,34.0237,34.0167,-43,0.516232,0.2,0.2,34,18900
687.145,34.0237,34.0168,-43,0.51643,0.2,0.2,34,18900
688.145,34.0237,34.017,-43,0.516627,0.2,0.2,34,18900
689.145,34.0237,34.0171,-43,0.516822,0.2,0.2,34,18900
690.145,34.0237,34.0172,-43,0.517017,0.2,0.2,34,19080
691.145,34.0237,34.0174,-43,0.517211,0.2,0.2,34,19080
692.145,34.0237,34.0175,-43,0.517403,0.2,0.2,34,19080
693.145,34.0237,34.0176,-43,0.517596,0.2,0.2,34,19080
694.145,34.0237,34.0177,-43,0.517787,0.2,0.2,34,19080
695.145,34.0237,34.0179,-43,0.517976,0.2,0.2,34,19080
696.145,34.0237,34.018,-43,0.518166,0.2,0.2,34,19080
697.145,34.0237,34.0181,-43,0.518354,0.2,0.2,34,19080
698.145,34.0237,34.0182,-43,0.518539,0.2,0.2,34,19140
699.145,34.0237,34.0183,-43,0.518726,0.2,0.2,34,19140
700.145,34.0237,34.0184,-43,0.518911,0.2,0.2,34,19140
701.145,34.0237,34.0185,-43,0.519096,0.2,0.2,34,19140
702.145,34.0237,34.0186,-43,0.51928,0.2,0.2,34,19140
703.145,34.0237,34.0187,-43,0.519464,0.2,0.2,34,19140
704.145,34.0237,34.0188,-43,0.519646,0.2,0.2,34,19140
705.145,34.0237,34.0189,-43,0.519828,0.2,0.2,34,19140
706.145,34.0237,34.019,-43,0.520009,0.2,0.2,34,19230
707.145,34.0237,34.0191,-43,0.52019,0.2,0.2,34,19230
708.145,34.0237,34.0192,-43,0.52037,0.2,0.2,34,19230
709.145,34.0237,34.0193,-43,0.520549,0.2,0.2,34,19230
710.145,34.0237,34.0194,-43,0.520727,0.2,0.2,34,19230
711.145,34.0237,34.0195,-43,0.520905,0.2,0.2,34,19230
712.145,34.0237,34.0196,-43,0.521082,0.2,0.2,34,19230
713.145,34.0237,34.0197,-43,0.521258,0.2,0.2,34,19230
714.145,34.0237,34.0197,-43,0.521433,0.2,0.2,34,19230
715.145,34.0237,34.0198,-43,0.521608,0.2,0.2,34,19230
716.145,33.7691,34.0148,-42,0.518305,0.2,0.2,34,19230
717.145,33.7691,34.0099,-42,0.515039,0.2,0.2,34,19230
718.145,33.7691,34.0051,-42,0.511811,0.2,0.2,34,19230
719.145,33.7691,34.0004,-42,0.508619,0.2,0.2,34,19230
720.145,33.7691,33.9957,-42,0.505463,0.2,0.2,34,19230
721.145,33.7691,33.9912,-42,0.502342,0.2,0.2,34,19230
722.145,33.7691,33.9868,-42,0.499255,0.2,0.2,34,19230
723.145,33.7691,33.9824,-42,0.496202,0.2,0.2,34,19080
724.145,33.7691,33.9781,-42,0.493181,0.2,0.2,34,19080
725.145,33.7691,33.974,-42,0.490192,0.2,0.2,34,19080
726.145,34.0237,33.975,-43,0.490713,0.2,0.2,34,19080
727.145,34.0237,33.9759,-43,0.491228,0.2,0.2,34,19080
728.145,33.7691,33.9718,-42,0.488256,0.2,0.2,34,19080
729.145,33.7691,33.9677,-42,0.485315,0.2,0.2,34,19080
730.145,33.7691,33.9638,-42,0.482405,0.2,0.2,34,19080
731.145,33.7691,33.9599,-42,0.479527,0.2,0.2,34,18270
732.145,33.7691,33.9561,-42,0.476676,0.2,0.2,34,18270
733.145,33.7691,33.9523,-42,0.473855,0.2,0.2,34,18270
734.145,33.7691,33.9487,-42,0.471063,0.2,0.2,34,18270
735.145,33.7691,33.9451,-42,0.468298,0.2,0.2,34,18270
736.145,33.7691,33.9416,-42,0.46556,0.2,0.2,34,18270
737.145,33.7691,33.9381,-42,0.462848,0.2,0.2,34,18270
738.145,33.7691,33.9347,-42,0.460162,0.2,0.2,34,18270
739.145,33.7691,33.9314,-42,0.457502,0.2,0.2,34,17550
740.145,33.7691,33.9282,-42,0.454867,0.2,0.2,34,17550
741.145,33.7691,33.925,-42,0.452256,0.2,0.2,34,17550
742.145,33.7691,33.9219,-42,0.449669,0.2,0.2,34,17550
743.145,33.7691,33.9188,-42,0.447106,0.2,0.2,34,17550
744.145,33.7691,33.9158,-42,0.444565,0.2,0.2,34,17550
745.145,33.7691,33.9129,-42,0.442048,0.2,0.2,34,17550
746.145,33.7691,33.91,-42,0.439552,0.2,0.2,34,17550
747.145,34.0237,33.9123,-43,0.440556,0.2,0.2,34,16740
748.145,33.7691,33.9094,-42,0.438064,0.2,0.2,34,16740
749.145,34.0237,33.9117,-43,0.439072,0.2,0.2,34,16740
750.145,34.0237,33.914,-43,0.440063,0.2,0.2,34,16740
751.145,34.0237,33.9161,-43,0.441037,0.2,0.2,34,16740
752.145,34.0237,33.9183,-43,0.441995,0.2,0.2,34,16740
753.145,34.0237,33.9204,-43,0.442937,0.2,0.2,34,16740
754.145,34.0237,33.9225,-43,0.443864,0.2,0.2,34,16740
755.145,34.0237,33.9245,-43,0.444775,0.2,0.2,34,16320
756.145,34.0237,33.9265,-43,0.445669,0.2,0.2,34,16320
757.145,34.0237,33.9284,-43,0.446549,0.2,0.2,34,16320
758.145,34.0237,33.9303,-43,0.447416,0.2,0.2,34,16320
759.145,34.0237,33.9322,-43,0.448267,0.2,0.2,34,16320
760.145,34.0237,33.934,-43,0.449105,0.2,0.2,34,16320
761.145,34.0237,33.9358,-43,0.449927,0.2,0.2,34,16320
762.145,34.0237,33.9376,-43,0.450737,0.2,0.2,34,16320
763.145,34.0237,33.9393,-43,0.451534,0.2,0.2,34,16320
764.145,34.0237,33.941,-43,0.452315,0.2,0.2,34,16560
765.145,34.0237,33.9427,-43,0.453086,0.2,0.2,34,16560
766.145,34.0237,33.9443,-43,0.453844,0.2,0.2,34,16560
767.145,34.0237,33.9459,-43,0.454588,0.2,0.2,34,16560
768.145,34.0237,33.9474,-43,0.455321,0.2,0.2,34,16560
769.145,34.0237,33.9489,-43,0.456042,0.2,0.2,34,16560
770.145,34.0237,33.9504,-43,0.456752,0.2,0.2,34,16560
771.145,34.0237,33.9519,-43,0.45745,0.2,0.2,34,16560
772.145,34.0237,33.9533,-43,0.458137,0.2,0.2,34,16800
773.145,34.0237,33.9547,-43,0.458813,0.2,0.2,34,16800
774.145,34.0237,33.9561,-43,0.459481,0.2,0.2,34,16800
775.145,34.0237,33.9575,-43,0.460135,0.2,0.2,34,16800
776.145,34.0237,33.9588,-43,0.46078,0.2,0.2,34,16800
777.145,34.0237,33.9601,-43,0.461415,0.2,0.2,34,16800
778.145,34.0237,33.9614,-43,0.462042,0.2,0.2,34,16800
779.145,34.0237,33.9626,-43,0.462658,0.2,0.2,34,16800
780.145,34.0237,33.9638,-43,0.463264,0.2,0.2,34,16980
781.145,34.0237,33.965,-43,0.463861,0.2,0.2,34,16980
782.145,34.0237,33.9662,-43,0.464451,0.2,0.2,34,16980
783.145,34.0237,33.9674,-43,0.465029,0.2,0.2,34,16980
784.145,34.0237,33.9685,-43,0.465598,0.2,0.2,34,16980
785.145,34.0237,33.9696,-43,0.466162,0.2,0.2,34,16980
786.145,34.0237,33.9707,-43,0.466716,0.2,0.2,34,16980
787.145,34.0237,33.9717,-43,0.467262,0.2,0.2,34,16980
788.145,34.0237,33.9728,-43,0.467798,0.2,0.2,34,17160
789.145,34.0237,33.9738,-43,0.468328,0.2,0.2,34,17160
790.145,34.0237,33.9748,-43,0.468851,0.2,0.2,34,17160
791.145,34.0237,33.9758,-43,0.469364,0.2,0.2,34,17160
792.145,34.0237,33.9767,-43,0.46987,0.2,0.2,34,17160
793.145,34.0237,33.9777,-43,0.470369,0.2,0.2,34,17160
794.145,34.0237,33.9786,-43,0.470861,0.2,0.2,34,17160
795.145,34.0237,33.9795,-43,0.471348,0.2,0.2,34,17160
796.145,34.0237,33.9804,-43,0.471827,0.2,0.2,34,17160
797.145,34.0237,33.9812,-43,0.472299,0.2,0.2,34,17340
798.145,34.0237,33.9821,-43,0.472765,0.2,0.2,34,17340
799.145,34.0237,33.9829,-43,0.473224,0.2,0.2,34,17340
800.145,34.0237,33.9837,-43,0.473678,0.2,0.2,34,17340
801.145,34.0237,33.9845,-43,0.474126,0.2,0.2,34,17340
802.145,34.0237,33.9853,-43,0.474565,0.2,0.2,34,17340
803.145,34.0237,33.9861,-43,0.475,0.2,0.2,34,17340
804.145,34.0237,33.9868,-43,0.475428,0.2,0.2,34,17340
805.145,34.0237,33.9876,-43,0.475851,0.2,0.2,34,17490
806.145,34.0237,33.9883,-43,0.476267,0.2,0.2,34,17490
807.145,34.0237,33.989,-43,0.476681,0.2,0.2,34,17490
808.145,34.0237,33.9897,-43,0.477088,0.2,0.2,34,17490
809.145,34.0237,33.9904,-43,0.477489,0.2,0.2,34,17490
810.145,34.0237,33.991,-43,0.477886,0.2,0.2,34,17490
811.145,34.0237,33.9917,-43,0.478277,0.2,0.2,34,17490
812.145,34.0237,33.9923,-43,0.478664,0.2,0.2,34,17490
813.145,34.0237,33.993,-43,0.479045,0.2,0.2,34,17610
814.145,34.0237,33.9936,-43,0.479421,0.2,0.2,34,17610
815.145,34.0237,33.9942,-43,0.479794,0.2,0.2,34,17610
816.145,34.0237,33.9948,-43,0.480162,0.2,0.2,34,17610
817.145,34.0237,33.9954,-43,0.480526,0.2,0.2,34,17610
818.145,34.0237,33.9959,-43,0.480886,0.2,0.2,34,17610
819.145,34.2811,34.0016,-44,0.484757,0.2,0.2,34,17610
820.145,34.2811,34.0072,-44,0.488584,0.2,0.2,34,17610
821.145,34.2811,34.0127,-44,0.49237,0.2,0.2,34,17790
822.145,34.2811,34.0181,-44,0.496113,0.2,0.2,34,17790
823.145,34.2811,34.0233,-44,0.499817,0.2,0.2,34,17790
824.145,34.2811,34.0285,-44,0.503479,0.2,0.2,34,17790
825.145,34.2811,34.0335,-44,0.507102,0.2,0.2,34,17790
826.145,34.2811,34.0385,-44,0.510689,0.2,0.2,34,17790
827.145,34.2811,34.0433,-44,0.514238,0.2,0.2,34,17790
828.145,34.2811,34.0481,-44,0.517749,0.2,0.2,34,17790
829.145,34.2811,34.0527,-44,0.521226,0.2,0.2,34,18540
830.145,34.2811,34.0573,-44,0.524667,0.2,0.2,34,18540
831.145,34.2811,34.0618,-44,0.528073,0.2,0.2,34,18540
832.145,34.2811,34.0662,-44,0.531446,0.2,0.2,34,18540
833.145,34.2811,34.0705,-44,0.534787,0.2,0.2,34,18540
834.145,34.2811,34.0747,-44,0.538093,0.2,0.2,34,18540
835.145,34.2811,34.0788,-44,0.541368,0.2,0.2,34,18540
836.145,34.2811,34.0829,-44,0.544611,0.2,0.2,34,18540
837.145,34.2811,34.0868,-44,0.547823,0.2,0.2,34,19650
838.145,34.2811,34.0907,-44,0.551005,0.2,0.2,34,19650
839.145,34.2811,34.0945,-44,0.554159,0.2,0.2,34,19650
840.145,34.0237,34.0931,-43,0.553769,0.2,0.2,34,19650
841.145,34.0237,34.0917,-43,0.553388,0.2,0.2,34,19650
842.145,34.0237,34.0903,-43,0.55302,0.2,0.2,34,19650
843.145,34.0237,34.089,-43,0.552662,0.2,0.2,34,19650
844.145,34.0237,34.0877,-43,0.552314,0.2,0.2,34,19650
845.145,34.0237,34.0864,-43,0.551973,0.2,0.2,34,19650
846.145,34.0237,34.0852,-43,0.551643,0.2,0.2,34,20490
847.145,34.0237,34.0839,-43,0.551324,0.2,0.2,34,20490
848.145,34.0237,34.0827,-43,0.551012,0.2,0.2,34,20490
849.145,34.0237,34.0816,-43,0.550712,0.2,0.2,34,20490
850.145,34.0237,34.0804,-43,0.55042,0.2,0.2,34,20490
851.145,34.0237,34.0793,-43,0.550136,0.2,0.2,34,20490
852.145,34.0237,34.0782,-43,0.549862,0.2,0.2,34,20490
853.145,34.0237,34.0771,-43,0.549596,0.2,0.2,34,20490
854.145,34.0237,34.076,-43,0.549336,0.2,0.2,34,20460
855.145,34.0237,34.075,-43,0.549086,0.2,0.2,34,20460
856.145,34.0237,34.0739,-43,0.548842,0.2,0.2,34,20460
857.145,34.0237,34.0729,-43,0.548608,0.2,0.2,34,20460
858.145,34.0237,34.0719,-43,0.548381,0.2,0.2,34,20460
859.145,34.2811,34.0761,-44,0.551675,0.2,0.2,34,20460
860.145,34.2811,34.0802,-44,0.554938,0.2,0.2,34,20460
861.145,34.2811,34.0842,-44,0.558171,0.2,0.2,34,20460
862.145,34.2811,34.0882,-44,0.561374,0.2,0.2,34,20460
863.145,34.2811,34.092,-44,0.564546,0.2,0.2,34,20460
864.145,34.2811,34.0958,-44,0.56769,0.2,0.2,34,20460
865.145,34.0237,34.0944,-43,0.56729,0.2,0.2,34,20460
866.145,34.2811,34.0981,-44,0.570416,0.2,0.2,34,20460
867.145,34.0237,34.0966,-43,0.569998,0.2,0.2,34,20460
868.145,34.0237,34.0952,-43,0.569592,0.2,0.2,34,20460
869.145,34.0237,34.0937,-43,0.569196,0.2,0.2,34,20460
870.145,34.0237,34.0923,-43,0.568811,0.2,0.2,34,21000
871.145,34.0237,34.091,-43,0.568436,0.2,0.2,34,21000
872.145,34.0237,34.0896,-43,0.568071,0.2,0.2,34,21000
873.145,34.0237,34.0883,-43,0.567719,0.2,0.2,34,21000
874.145,34.0237,34.087,-43,0.567375,0.2,0.2,34,21000
875.145,34.0237,34.0857,-43,0.56704,0.2,0.2,34,21000
876.145,34.0237,34.0845,-43,0.566716,0.2,0.2,34,21000
877.145,34.0237,34.0833,-43,0.566401,0.2,0.2,34,21000
878.145,34.0237,34.0821,-43,0.566096,0.2,0.2,34,21000
879.145,34.0237,34.0809,-43,0.565799,0.2,0.2,34,21090
880.145,34.0237,34.0798,-43,0.565511,0.2,0.2,34,21090
881.145,34.0237,34.0787,-43,0.565232,0.2,0.2,34,21090
882.145,34.0237,34.0776,-43,0.564961,0.2,0.2,34,21090
883.145,34.0237,34.0765,-43,0.564699,0.2,0.2,34,21090
884.145,34.0237,34.0754,-43,0.564444,0.2,0.2,34,21090
885.145,34.0237,34.0744,-43,0.564198,0.2,0.2,34,21090
886.145,34.0237,34.0734,-43,0.563959,0.2,0.2,34,21090
887.145,34.0237,34.0724,-43,0.563729,0.2,0.2,34,21000
888.145,34.0237,34.0714,-43,0.563506,0.2,0.2,34,21000
889.145,34.0237,34.0705,-43,0.56329,0.2,0.2,34,21000
890.145,34.0237,34.0695,-43,0.563081,0.2,0.2,34,21000
891.145,34.0237,34.0686,-43,0.56288,0.2,0.2,34,21000
892.145,34.0237,34.0677,-43,0.562686,0.2,0.2,34,21000
893.145,34.0237,34.0668,-43,0.562497,0.3,0.3,34,21000
894.145,34.0237,34.066,-43,0.562316,0.3,0.3,34,21000
895.145,34.0237,34.0651,-43,0.56214,0.3,0.3,34,20910
896.145,34.0237,34.0643,-43,0.561972,0.3,0.3,34,20910
897.145,34.0237,34.0635,-43,0.561809,0.3,0.3,34,20910
898.145,34.0237,34.0627,-43,0.561654,0.3,0.3,34,20910
899.145,34.0237,34.0619,-43,0.561505,0.3,0.3,34,20910
900.145,34.0237,34.0611,-43,0.561362,0.3,0.3,34,20910
901.145,34.0237,34.0604,-43,0.561224,0.3,0.3,34,20910
902.145,34.0237,34.0597,-43,0.561092,0.3,0.3,34,20910
903.145,34.0237,34.0589,-43,0.560966,0.3,0.3,34,20730
904.145,34.0237,34.0582,-43,0.560844,0.3,0.3,34,20730
905.145,34.0237,34.0576,-43,0.560728,0.3,0.3,34,20730
906.145,34.0237,34.0569,-43,0.560617,0.3,0.3,34,20730
907.145,34.0237,34.0562,-43,0.560511,0.3,0.3,34,20730
908.145,34.0237,34.0556,-43,0.560411,0.3,0.3,34,20730
909.145,34.0237,34.0549,-43,0.560315,0.3,0.3,34,20730
910.145,34.0237,34.0543,-43,0.560222,0.3,0.3,34,20730
911.145,34.0237,34.0537,-43,0.560137,0.3,0.3,34,20640
912.145,34.0237,34.0531,-43,0.560055,0.3,0.3,34,20640
913.145,34.0237,34.0525,-43,0.559978,0.3,0.3,34,20640
914.145,34.0237,34.0519,-43,0.559905,0.3,0.3,34,20640
915.145,34.0237,34.0514,-43,0.559836,0.3,0.3,34,20640
916.145,34.0237,34.0508,-43,0.559771,0.3,0.3,34,20640
917.145,34.0237,34.0503,-43,0.559711,0.3,0.3,34,20640
918.145,34.0237,34.0497,-43,0.559656,0.3,0.3,34,20640
919.145,34.0237,34.0492,-43,0.559605,0.3,0.3,34,20640
920.145,34.0237,34.0487,-43,0.559556,0.3,0.3,34,20520
921.145,34.0237,34.0482,-43,0.559512,0.3,0.3,34,20520
922.145,34.0237,34.0477,-43,0.559472,0.3,0.3,34,20520
923.145,34.0237,34.0472,-43,0.559435,0.3,0.3,34,20520
924.145,34.0237,34.0468,-43,0.559403,0.3,0.3,34,20520
925.145,34.0237,34.0463,-43,0.559373,0.3,0.3,34,20520
926.145,34.0237,34.0459,-43,0.559348,0.3,0.3,34,20520
927.145,34.0237,34.0454,-43,0.559325,0.3,0.3,34,20520
928.145,34.0237,34.045,-43,0.559305,0.3,0.3,34,20580
929.145,34.0237,34.0446,-43,0.559288,0.3,0.3,34,20580
930.145,34.2811,34.0493,-44,0.562791,0.3,0.3,34,20580
931.145,34.2811,34.0539,-44,0.566257,0.3,0.3,34,20580
932.145,34.2811,34.0585,-44,0.569689,0.3,0.3,34,20580
933.145,34.2811,34.0629,-44,0.573087,0.3,0.3,34,20580
934.145,34.2811,34.0673,-44,0.576451,0.3,0.3,34,20580
935.145,34.2811,34.0716,-44,0.579783,0.3,0.3,34,20580
936.145,34.2811,34.0757,-44,0.58308,0.3,0.3,34,20760
937.145,34.2811,34.0798,-44,0.586346,0.3,0.3,34,20760
938.145,34.2811,34.0839,-44,0.589582,0.3,0.3,34,20760
939.145,34.2811,34.0878,-44,0.592788,0.3,0.3,34,20760
940.145,34.2811,34.0917,-44,0.595963,0.3,0.3,34,20760
941.145,34.2811,34.0955,-44,0.59911,0.3,0.3,34,20760
942.145,34.2811,34.0992,-44,0.602227,0.3,0.3,34,20760
943.145,34.2811,34.1028,-44,0.605318,0.3,0.3,34,20760
944.145,34.2811,34.1064,-44,0.608381,0.3,0.3,34,21750
945.145,34.2811,34.1099,-44,0.611417,0.3,0.3,34,21750
946.145,34.2811,34.1133,-44,0.614425,0.3,0.3,34,21750
947.145,34.2811,34.1167,-44,0.617409,0.3,0.3,34,21750
948.145,34.2811,34.1199,-44,0.620366,0.3,0.3,34,21750
949.145,34.2811,34.1232,-44,0.6233,0.3,0.3,34,21750
950.145,34.2811,34.1263,-44,0.626209,0.3,0.3,34,21750
951.145,34.2811,34.1294,-44,0.629093,0.3,0.3,34,21750
952.145,34.2811,34.1325,-44,0.631953,0.3,0.3,34,21750
953.145,34.2811,34.1354,-44,0.634791,0.3,0.3,34,22740
954.145,34.2811,34.1383,-44,0.637608,0.3,0.3,34,22740
955.145,34.2811,34.1412,-44,0.640401,0.3,0.3,34,22740
956.145,34.2811,34.144,-44,0.643172,0.3,0.3,34,22740
957.145,34.2811,34.1467,-44,0.645924,0.3,0.3,34,22740
958.145,34.2811,34.1494,-44,0.648653,0.3,0.3,34,22740
959.145,34.5412,34.1573,-45,0.654917,0.3,0.3,34,22740
960.145,34.5412,34.1649,-45,0.661121,0.3,0.3,34,22740
961.145,34.5412,34.1725,-45,0.667268,0.3,0.3,34,23670
962.145,34.5412,34.1798,-45,0.673357,0.3,0.3,34,23670
963.145,34.2811,34.1819,-44,0.675838,0.3,0.3,34,23670
964.145,34.2811,34.1838,-44,0.678302,0.3,0.3,34,23670
965.145,34.2811,34.1858,-44,0.680752,0.3,0.3,34,23670
966.145,34.2811,34.1877,-44,0.683188,0.3,0.3,34,23670
967.145,34.2811,34.1896,-44,0.68561,0.3,0.3,34,23670
968.145,34.2811,34.1914,-44,0.688017,0.3,0.3,34,23670
969.145,34.2811,34.1932,-44,0.690409,0.3,0.3,34,24840
970.145,34.2811,34.195,-44,0.692789,0.3,0.3,34,24840
971.145,34.2811,34.1967,-44,0.695153,0.3,0.3,34,24840
972.145,34.2811,34.1984,-44,0.697505,0.3,0.3,34,24840
973.145,34.2811,34.2,-44,0.699845,0.3,0.3,34,24840
974.145,34.2811,34.2016,-44,0.702173,0.3,0.3,34,24840
975.145,34.2811,34.2032,-44,0.704487,0.3,0.3,34,24840
976.145,34.2811,34.2048,-44,0.70679,0.3,0.3,34,24840
977.145,34.2811,34.2063,-44,0.709081,0.3,0.3,34,25620
978.145,34.2811,34.2078,-44,0.711361,0.3,0.3,34,25620
979.145,34.2811,34.2093,-44,0.713629,0.3,0.3,34,25620
980.145,34.2811,34.2107,-44,0.715885,0.3,0.3,34,25620
981.145,34.2811,34.2121,-44,0.718132,0.3,0.3,34,25620
982.145,34.2811,34.2135,-44,0.720369,0.3,0.3,34,25620
983.145,34.2811,34.2148,-44,0.722594,0.3,0.3,34,25620
984.145,34.2811,34.2162,-44,0.724808,0.3,0.3,34,25620
985.145,34.5412,34.2227,-45,0.730567,0.3,0.3,34,26340
986.145,34.5412,34.229,-45,0.736276,0.3,0.3,34,26340
987.145,34.2811,34.2301,-44,0.738385,0.3,0.3,34,26340
988.145,34.2811,34.2311,-44,0.740484,0.3,0.3,34,26340
989.145,34.2811,34.2321,-44,0.742576,0.3,0.3,34,26340
990.145,34.2811,34.2331,-44,0.744662,0.3,0.3,34,26340
991.145,34.2811,34.234,-44,0.74674,0.3,0.3,34,26340
992.145,34.2811,34.235,-44,0.748811,0.3,0.3,34,26340
993.145,34.2811,34.2359,-44,0.750875,0.3,0.3,34,27120
994.145,34.2811,34.2368,-44,0.752932,0.3,0.3,34,27120
995.145,34.2811,34.2377,-44,0.754981,0.3,0.3,34,27120
996.145,34.2811,34.2386,-44,0.757022,0.3,0.3,34,27120
997.145,34.2811,34.2394,-44,0.759058,0.3,0.3,34,27120
998.145,34.2811,34.2402,-44,0.761087,0.3,0.3,34,27120
999.145,34.2811,34.2411,-44,0.76311,0.3,0.3,34,27120
1000.15,34.2811,34.2419,-44,0.765127,0.3,0.3,34,27120
1001.15,34.2811,34.2426,-44,0.767139,0.3,0.3,34,27120
1002.15,34.2811,34.2434,-44,0.769143,0.3,0.3,34,27810
1003.15,34.2811,34.2442,-44,0.771141,0.3,0.3,34,27810
1004.15,34.2811,34.2449,-44,0.773136,0.3,0.3,34,27810
1005.15,34.2811,34.2456,-44,0.775125,0.3,0.3,34,27810
1006.15,34.2811,34.2463,-44,0.777108,0.3,0.3,34,27810
1007.15,34.2811,34.247,-44,0.779085,0.3,0.3,34,27810
1008.15,34.2811,34.2477,-44,0.781055,0.3,0.3,34,27810
1009.15,34.2811,34.2484,-44,0.783022,0.3,0.3,34,27810
1010.15,34.2811,34.249,-44,0.784983,0.3,0.3,34,28380
1011.15,34.2811,34.2497,-44,0.78694,0.3,0.3,34,28380
1012.15,34.2811,34.2503,-44,0.788893,0.3,0.3,34,28380
1013.15,34.2811,34.2509,-44,0.790839,0.3,0.3,34,28380
1014.15,34.2811,34.2515,-44,0.792781,0.3,0.3,34,28380
1015.15,34.2811,34.2521,-44,0.794719,0.3,0.3,34,28380
1016.15,34.2811,34.2527,-44,0.796653,0.3,0.3,34,28380
1017.15,34.2811,34.2533,-44,0.798583,0.3,0.3,34,28380
1018.15,34.2811,34.2538,-44,0.800508,0.3,0.3,34,28980
1019.15,34.2811,34.2544,-44,0.802429,0.3,0.3,34,28980
1020.15,34.2811,34.2549,-44,0.804345,0.3,0.3,34,28980
1021.15,34.2811,34.2554,-44,0.806257,0.3,0.3,34,28980
1022.15,34.2811,34.2559,-44,0.808167,0.3,0.3,34,28980
1023.15,34.2811,34.2564,-44,0.810072,0.3,0.3,34,28980
1024.15,34.2811,34.2569,-44,0.811972,0.3,0.3,34,28980
1025.15,34.2811,34.2574,-44,0.81387,0.3,0.3,34,28980
1026.15,34.2811,34.2579,-44,0.815763,0.3,0.3,34,29550
1027.15,34.2811,34.2583,-44,0.817654,0.3,0.3,34,29550
1028.15,34.2811,34.2588,-44,0.81954,0.3,0.3,34,29550
1029.15,34.2811,34.2592,-44,0.821424,0.3,0.3,34,29550
1030.15,34.2811,34.2597,-44,0.823302,0.3,0.3,34,29550
1031.15,34.2811,34.2601,-44,0.825178,0.3,0.3,34,29550
1032.15,34.2811,34.2605,-44,0.827051,0.3,0.3,34,29550
1033.15,34.2811,34.2609,-44,0.828922,0.3,0.3,34,29550
1034.15,34.2811,34.2613,-44,0.83079,0.3,0.3,34,29550
1035.15,34.2811,34.2617,-44,0.832652,0.3,0.3,34,29970
1036.15,34.2811,34.2621,-44,0.834512,0.3,0.3,34,29970
1037.15,34.2811,34.2625,-44,0.836369,0.3,0.3,34,29970
1038.15,34.2811,34.2629,-44,0.838223,0.3,0.3,34,29970
1039.15,34.2811,34.2632,-44,0.840074,0.3,0.3,34,29970
1040.15,34.2811,34.2636,-44,0.841925,0.3,0.3,34,29970
1041.15,34.2811,34.2639,-44,0.843772,0.3,0.3,34,29970
1042.15,34.2811,34.2643,-44,0.845617,0.3,0.3,34,29970
1043.15,34.2811,34.2646,-44,0.847458,0.3,0.3,34,30570
1044.15,34.2811,34.2649,-44,0.849296,0.3,0.3,34,30570
1045.15,34.2811,34.2653,-44,0.851134,0.3,0.3,34,30570
1046.15,34.2811,34.2656,-44,0.852968,0.3,0.3,34,30570
1047.15,34.2811,34.2659,-44,0.8548,0.3,0.3,34,30570
1048.15,34.2811,34.2662,-44,0.85663,0.3,0.3,34,30570
1049.15,34.2811,34.2665,-44,0.858457,0.3,0.3,34,30570
1050.15,34.2811,34.2668,-44,0.860281,0.3,0.3,34,30570
1051.15,34.2811,34.2671,-44,0.862104,0.3,0.3,34,31080
1052.15,34.2811,34.2674,-44,0.863923,0.3,0.3,34,31080
1053.15,34.0237,34.2625,-43,0.862226,0.3,0.3,34,31080
1054.15,34.2811,34.2629,-44,0.86408,0.3,0.3,34,31080
1055.15,34.0237,34.2581,-43,0.862416,0.3,0.3,34,31080
1056.15,34.0237,34.2534,-43,0.860788,0.3,0.3,34,31080
1057.15,34.0237,34.2488,-43,0.859197,0.3,0.3,34,31080
1058.15,34.0237,34.2443,-43,0.85764,0.3,0.3,34,31080
1059.15,34.0237,34.2399,-43,0.856118,0.3,0.3,34,31500
1060.15,34.0237,34.2356,-43,0.854629,0.3,0.3,34,31500
1061.15,34.0237,34.2313,-43,0.853171,0.3,0.3,34,31500
1062.15,34.0237,34.2272,-43,0.851747,0.3,0.3,34,31500
1063.15,34.0237,34.2231,-43,0.850352,0.3,0.3,34,31500
1064.15,34.0237,34.2191,-43,0.84899,0.3,0.3,34,31500
1065.15,34.0237,34.2152,-43,0.847659,0.3,0.3,34,31500
1066.15,34.0237,34.2114,-43,0.846355,0.3,0.3,34,31500
1067.15,34.0237,34.2076,-43,0.845081,0.3,0.3,34,31170
1068.15,34.0237,34.2039,-43,0.843836,0.3,0.3,34,31170
1069.15,34.0237,34.2003,-43,0.842617,0.3,0.3,34,31170
1070.15,34.0237,34.1968,-43,0.841427,0.3,0.3,34,31170
1071.15,34.0237,34.1933,-43,0.840264,0.3,0.3,34,31170
1072.15,34.0237,34.19,-43,0.839127,0.3,0.3,34,31170
1073.15,34.0237,34.1866,-43,0.838013,0.3,0.3,34,31170
1074.15,34.0237,34.1834,-43,0.836927,0.3,0.3,34,31170
1075.15,34.0237,34.1802,-43,0.835864,0.3,0.3,34,31170
1076.15,34.0237,34.177,-43,0.834827,0.3,0.3,34,30720
1077.15,34.0237,34.174,-43,0.833812,0.3,0.3,34,30720
1078.15,34.0237,34.171,-43,0.83282,0.3,0.3,34,30720
1079.15,34.0237,34.168,-43,0.831851,0.3,0.3,34,30720
1080.15,34.0237,34.1651,-43,0.830904,0.3,0.3,34,30720
1081.15,34.0237,34.1623,-43,0.82998,0.3,0.3,34,30720
1082.15,34.0237,34.1595,-43,0.829076,0.3,0.3,34,30720
1083.15,34.0237,34.1568,-43,0.828194,0.3,0.3,34,30720
1084.15,34.0237,34.1542,-43,0.827332,0.3,0.3,34,30480
1085.15,34.0237,34.1516,-43,0.82649,0.3,0.3,34,30480
1086.15,34.0237,34.149,-43,0.825669,0.3,0.3,34,30480
1087.15,34.0237,34.1465,-43,0.824866,0.3,0.3,34,30480
1088.15,34.0237,34.144,-43,0.824081,0.3,0.3,34,30480
1089.15,34.0237,34.1416,-43,0.823316,0.3,0.3,34,30480
1090.15,34.0237,34.1393,-43,0.82257,0.3,0.3,34,30480
1091.15,34.0237,34.137,-43,0.82184,0.3,0.3,34,30480
1092.15,34.0237,34.1347,-43,0.821128,0.3,0.3,34,30270
1093.15,34.0237,34.1325,-43,0.820433,0.3,0.3,34,30270
1094.15,34.0237,34.1303,-43,0.819756,0.3,0.3,34,30270
1095.15,34.0237,34.1282,-43,0.819094,0.3,0.3,34,30270
1096.15,34.0237,34.1261,-43,0.818448,0.3,0.3,34,30270
1097.15,34.0237,34.124,-43,0.817818,0.3,0.3,34,30270
1098.15,34.0237,34.122,-43,0.817204,0.3,0.3,34,30270
1099.15,34.0237,34.1201,-43,0.816606,0.3,0.3,34,30270
1100.15,34.0237,34.1181,-43,0.816023,0.3,0.3,34,30030
1101.15,34.0237,34.1162,-43,0.815454,0.3,0.3,34,30030
1102.15,34.0237,34.1144,-43,0.814899,0.3,0.3,34,30030
1103.15,34.0237,34.1126,-43,0.814359,0.3,0.3,34,30030
1104.15,34.0237,34.1108,-43,0.813832,0.3,0.3,34,30030
1105.15,34.0237,34.1091,-43,0.813317,0.3,0.3,34,30030
1106.15,34.0237,34.1074,-43,0.812817,0.3,0.3,34,30030
1107.15,34.0237,34.1057,-43,0.812328,0.3,0.3,34,30030
1108.15,34.0237,34.104,-43,0.811853,0.3,0.3,34,29820
1109.15,34.0237,34.1024,-43,0.81139,0.3,0.3,34,29820
1110.15,34.0237,34.1009,-43,0.810939,0.3,0.3,34,29820
1111.15,34.0237,34.0993,-43,0.810501,0.3,0.3,34,29820
1112.15,34.0237,34.0978,-43,0.810075,0.3,0.3,34,29820
1113.15,34.0237,34.0963,-43,0.809661,0.3,0.3,34,29820
1114.15,34.0237,34.0949,-43,0.809256,0.3,0.3,34,29820
1115.15,34.0237,34.0934,-43,0.808863,0.3,0.3,34,29820
1116.15,34.0237,34.0921,-43,0.808479,0.3,0.3,34,29640
1117.15,34.0237,34.0907,-43,0.808108,0.3,0.3,34,29640
1118.15,34.0237,34.0893,-43,0.807746,0.3,0.3,34,29640
1119.15,34.0237,34.088,-43,0.807395,0.3,0.3,34,29640
1120.15,34.0237,34.0868,-43,0.807054,0.3,0.3,34,29640
1121.15,34.0237,34.0855,-43,0.806723,0.3,0.3,34,29640
1122.15,34.0237,34.0843,-43,0.806401,0.3,0.3,34,29640
1123.15,34.0237,34.083,-43,0.806089,0.3,0.3,34,29640
1124.15,34.0237,34.0819,-43,0.805785,0.3,0.3,34,29640
1125.15,34.0237,34.0807,-43,0.805489,0.3,0.3,34,29610
1126.15,34.0237,34.0796,-43,0.805203,0.3,0.3,34,29610
1127.15,34.0237,34.0784,-43,0.804924,0.3,0.3,34,29610
1128.15,34.0237,34.0773,-43,0.804655,0.3,0.3,34,29610
1129.15,34.0237,34.0763,-43,0.804395,0.3,0.3,34,29610
1130.15,34.0237,34.0752,-43,0.804141,0.3,0.3,34,29610
1131.15,34.0237,34.0742,-43,0.803896,0.3,0.3,34,29610
1132.15,34.0237,34.0732,-43,0.803658,0.3,0.3,34,29610
1133.15,34.0237,34.0722,-43,0.80343,0.3,0.3,34,29520
1134.15,34.0237,34.0712,-43,0.803208,0.3,0.3,34,29520
1135.15,34.0237,34.0703,-43,0.802994,0.3,0.3,34,29520
1136.15,34.0237,34.0693,-43,0.802787,0.3,0.3,34,29520
1137.15,34.0237,34.0684,-43,0.802587,0.3,0.3,34,29520
1138.15,34.0237,34.0675,-43,0.802395,0.3,0.3,34,29520
1139.15,34.0237,34.0667,-43,0.802207,0.3,0.3,34,29520
1140.15,34.0237,34.0658,-43,0.802028,0.3,0.3,34,29520
1141.15,34.0237,34.065,-43,0.801853,0.3,0.3,34,29430
1142.15,34.0237,34.0641,-43,0.801687,0.3,0.3,34,29430
1143.15,34.0237,34.0633,-43,0.801526,0.3,0.3,34,29430
1144.15,34.0237,34.0625,-43,0.80137,0.3,0.3,34,29430
1145.15,34.0237,34.0618,-43,0.80122,0.3,0.3,34,29430
1146.15,34.0237,34.061,-43,0.801078,0.3,0.3,34,29430
1147.15,34.0237,34.0602,-43,0.800942,0.3,0.3,34,29430
1148.15,34.0237,34.0595,-43,0.800809,0.3,0.3,34,29430
1149.15,34.0237,34.0588,-43,0.800682,0.3,0.3,34,29310
1150.15,34.0237,34.0581,-43,0.800562,0.3,0.3,34,29310
1151.15,34.0237,34.0574,-43,0.800447,0.3,0.3,34,29310
1152.15,34.0237,34.0567,-43,0.800336,0.3,0.3,34,29310
1153.15,34.0237,34.0561,-43,0.800231,0.3,0.3,34,29310
1154.15,34.0237,34.0554,-43,0.80013,0.3,0.3,34,29310
1155.15,34.0237,34.0548,-43,0.800036,0.3,0.3,34,29310
1156.15,34.0237,34.0542,-43,0.799945,0.3,0.3,34,29310
1157.15,34.0237,34.0536,-43,0.799859,0.3,0.3,34,29310
1158.15,34.0237,34.053,-43,0.799779,0.3,0.3,34,29490
1159.15,34.0237,34.0524,-43,0.799704,0.3,0.3,34,29490
1160.15,34.0237,34.0518,-43,0.799632,0.3,0.3,34,29490
1161.15,34.0237,34.0513,-43,0.799565,0.3,0.3,34,29490
1162.15,34.0237,34.0507,-43,0.799503,0.3,0.3,34,29490
1163.15,34.0237,34.0502,-43,0.799445,0.3,0.3,34,29490
1164.15,34.0237,34.0496,-43,0.799389,0.3,0.3,34,29490
1165.15,34.0237,34.0491,-43,0.799337,0.3,0.3,34,29490
1166.15,34.0237,34.0486,-43,0.79929,0.3,0.3,34,29220
1167.15,34.0237,34.0481,-43,0.799245,0.3,0.3,34,29220
1168.15,34.0237,34.0476,-43,0.799205,0.3,0.3,34,29220
1169.15,34.0237,34.0471,-43,0.79917,0.3,0.3,34,29220
1170.15,34.0237,34.0467,-43,0.799137,0.3,0.3,34,29220
1171.15,34.0237,34.0462,-43,0.799109,0.3,0.3,34,29220
1172.15,34.0237,34.0458,-43,0.799083,0.3,0.3,34,29220
1173.15,34.0237,34.0453,-43,0.79906,0.3,0.3,34,29220
1174.15,34.0237,34.0449,-43,0.799042,0.3,0.3,34,29310
1175.15,34.0237,34.0445,-43,0.799027,0.3,0.3,34,29310
1176.15,34.0237,34.0441,-43,0.799014,0.3,0.3,34,29310
1177.15,34.0237,34.0436,-43,0.799004,0.3,0.3,34,29310
1178.15,34.0237,34.0432,-43,0.798999,0.3,0.3,34,29310
1179.15,34.0237,34.0429,-43,0.798997,0.3,0.3,34,29310
1180.15,34.0237,34.0425,-43,0.798998,0.3,0.3,34,29310
1181.15,34.0237,34.0421,-43,0.799002,0.3,0.3,34,29310
1182.15,34.0237,34.0417,-43,0.799009,0.3,0.3,34,29310
1183.15,34.0237,34.0414,-43,0.799018,0.3,0.3,34,29310
1184.15,34.0237,34.041,-43,0.799029,0.3,0.3,34,29310
1185.15,34.0237,34.0407,-43,0.799042,0.3,0.3,34,29310
1186.15,34.0237,34.0403,-43,0.799058,0.3,0.3,34,29310
1187.15,34.0237,34.04,-43,0.799077,0.3,0.3,34,29310
1188.15,34.0237,34.0397,-43,0.7991,0.3,0.3,34,29310
1189.15,34.0237,34.0394,-43,0.799123,0.3,0.3,34,29310
1190.15,34.0237,34.039,-43,0.79915,0.3,0.3,34,29280
1191.15,34.0237,34.0387,-43,0.799179,0.3,0.3,34,29280
1192.15,34.0237,34.0384,-43,0.79921,0.3,0.3,34,29280
1193.15,34.0237,34.0381,-43,0.799244,0.3,0.3,34,29280
1194.15,34.0237,34.0379,-43,0.799278,0.3,0.3,34,29280
1195.15,34.0237,34.0376,-43,0.799316,0.3,0.3,34,29280
1196.15,34.0237,34.0373,-43,0.799355,0.3,0.3,34,29280
1197.15,34.0237,34.037,-43,0.799398,0.3,0.3,34,29280
1198.15,34.0237,34.0368,-43,0.799441,0.3,0.3,34,29280
1199.15,34.0237,34.0365,-43,0.799488,0.3,0.3,34,29280
1200.15,34.0237,34.0362,-43,0.799536,0.3,0.3,34,29280
1201.15,34.0237,34.036,-43,0.799586,0.3,0.3,34,29280
1202.15,34.0237,34.0357,-43,0.799638,0.3,0.3,34,29280
1203.15,34.0237,34.0355,-43,0.799692,0.3,0.3,34,29280
1204.15,34.0237,34.0353,-43,0.799747,0.3,0.3,34,29280
1205.15,34.0237,34.035,-43,0.799803,0.3,0.3,34,29280
1206.15,34.0237,34.0348,-43,0.799864,0.3,0.3,34,29280
1207.15,34.0237,34.0346,-43,0.799925,0.3,0.3,34,29280
1208.15,34.0237,34.0344,-43,0.799987,0.3,0.3,34,29280
1209.15,34.0237,34.0342,-43,0.800051,0.3,0.3,34,29280
1210.15,34.0237,34.034,-43,0.800116,0.3,0.3,34,29280
1211.15,34.0237,34.0337,-43,0.800182,0.3,0.3,34,29280
1212.15,34.0237,34.0335,-43,0.80025,0.3,0.3,34,29280
1213.15,34.0237,34.0333,-43,0.800319,0.3,0.3,34,29280
1214.15,34.0237,34.0332,-43,0.800392,0.3,0.3,34,29280
1215.15,34.0237,34.033,-43,0.800467,0.3,0.3,34,29310
1216.15,34.0237,34.0328,-43,0.80054,0.3,0.3,34,29310
1217.15,34.0237,34.0326,-43,0.800615,0.3,0.3,34,29310
1218.15,34.0237,34.0324,-43,0.800692,0.3,0.3,34,29310
1219.15,34.0237,34.0322,-43,0.80077,0.3,0.3,34,29310
1220.15,34.0237,34.0321,-43,0.800849,0.3,0.3,34,29310
1221.15,34.0237,34.0319,-43,0.80093,0.3,0.3,34,29310
1222.15,34.0237,34.0317,-43,0.801013,0.3,0.3,34,29310
1223.15,34.0237,34.0316,-43,0.801097,0.3,0.3,34,29400
1224.15,34.0237,34.0314,-43,0.801183,0.3,0.3,34,29400
1225.15,34.0237,34.0313,-43,0.80127,0.3,0.3,34,29400
1226.15,34.0237,34.0311,-43,0.801356,0.3,0.3,34,29400
1227.15,34.0237,34.031,-43,0.801445,0.3,0.3,34,29400
1228.15,34.0237,34.0308,-43,0.801535,0.3,0.3,34,29400
1229.15,34.0237,34.0307,-43,0.801626,0.3,0.3,34,29400
1230.15,34.0237,34.0305,-43,0.801717,0.3,0.3,34,29400
1231.15,34.0237,34.0304,-43,0.801809,0.3,0.3,34,29400
1232.15,34.0237,34.0303,-43,0.801904,0.3,0.3,34,29370
1233.15,34.0237,34.0301,-43,0.802,0.3,0.3,34,29370
1234.15,34.0237,34.03,-43,0.802095,0.3,0.3,34,29370
1235.15,34.0237,34.0299,-43,0.802192,0.4,0.4,34,29370
1236.15,34.0237,34.0298,-43,0.802291,0.4,0.4,34,29370
1237.15,34.0237,34.0296,-43,0.802389,0.4,0.4,34,29370
1238.15,34.0237,34.0295,-43,0.802489,0.4,0.4,34,29370
1239.15,34.0237,34.0294,-43,0.802591,0.4,0.4,34,29370
1240.15,34.0237,34.0293,-43,0.802692,0.4,0.4,34,29220
1241.15,34.0237,34.0292,-43,0.802795,0.4,0.4,34,29220
1242.15,34.0237,34.0291,-43,0.802898,0.4,0.4,34,29220
1243.15,34.0237,34.029,-43,0.803002,0.4,0.4,34,29220
1244.15,34.0237,34.0289,-43,0.803106,0.4,0.4,34,29220
1245.15,34.0237,34.0288,-43,0.803212,0.4,0.4,34,29220
1246.15,34.0237,34.0287,-43,0.803319,0.4,0.4,34,29220
1247.15,34.0237,34.0286,-43,0.803427,0.4,0.4,34,29220
1248.15,34.0237,34.0285,-43,0.803536,0.4,0.4,34,28980
1249.15,34.0237,34.0284,-43,0.803644,0.4,0.4,34,28980
1250.15,34.0237,34.0283,-43,0.803755,0.4,0.4,34,28980
1251.15,34.0237,34.0282,-43,0.803864,0.4,0.4,34,28980
1252.15,34.0237,34.0281,-43,0.803976,0.4,0.4,34,28980
1253.15,34.0237,34.028,-43,0.804088,0.4,0.4,34,28980
1254.15,34.0237,34.0279,-43,0.804199,0.4,0.4,34,28980
1255.15,34.0237,34.0278,-43,0.804312,0.4,0.4,34,28980
1256.15,34.0237,34.0278,-43,0.804424,0.4,0.4,34,29100
1257.15,34.0237,34.0277,-43,0.804539,0.4,0.4,34,29100
1258.15,34.0237,34.0276,-43,0.804653,0.4,0.4,34,29100
1259.15,34.2811,34.0327,-44,0.808284,0.4,0.4,34,29100
1260.15,34.2811,34.0376,-44,0.811876,0.4,0.4,34,29100
1261.15,34.2811,34.0425,-44,0.81543,0.4,0.4,34,29100
1262.15,34.2811,34.0473,-44,0.818949,0.4,0.4,34,29100
1263.15,34.2811,34.0519,-44,0.822432,0.4,0.4,34,29100
1264.15,34.2811,34.0565,-44,0.825878,0.4,0.4,34,29220
1265.15,34.2811,34.061,-44,0.82929,0.4,0.4,34,29220
1266.15,34.2811,34.0654,-44,0.832669,0.4,0.4,34,29220
1267.15,34.2811,34.0697,-44,0.836015,0.4,0.4,34,29220
1268.15,34.2811,34.074,-44,0.839327,0.4,0.4,34,29220
1269.15,34.2811,34.0781,-44,0.842608,0.4,0.4,34,29220
1270.15,34.2811,34.0822,-44,0.845857,0.4,0.4,34,29220
1271.15,34.2811,34.0861,-44,0.849076,0.4,0.4,34,29220
1272.15,34.2811,34.09,-44,0.852264,0.4,0.4,34,30090
1273.15,34.2811,34.0939,-44,0.855424,0.4,0.4,34,30090
1274.15,34.2811,34.0976,-44,0.858553,0.4,0.4,34,30090
1275.15,34.2811,34.1013,-44,0.861655,0.4,0.4,34,30090
1276.15,34.2811,34.1049,-44,0.86473,0.4,0.4,34,30090
1277.15,34.5412,34.1136,-45,0.871331,0.4,0.4,34,30090
1278.15,34.5412,34.1222,-45,0.877866,0.4,0.4,34,30090
1279.15,34.5412,34.1305,-45,0.884336,0.4,0.4,34,30090
1280.15,34.5412,34.1387,-45,0.890742,0.4,0.4,34,30090
1281.15,34.5412,34.1468,-45,0.897086,0.4,0.4,34,30990
1282.15,34.5412,34.1547,-45,0.90337,0.4,0.4,34,30990
1283.15,34.5412,34.1624,-45,0.909593,0.4,0.4,34,30990
1284.15,34.5412,34.17,-45,0.915758,0.4,0.4,34,30990
1285.15,34.5412,34.1774,-45,0.921866,0.4,0.4,34,30990
1286.15,34.5412,34.1847,-45,0.927917,0.4,0.4,34,30990
1287.15,34.5412,34.1918,-45,0.933913,0.4,0.4,34,30990
1288.15,34.5412,34.1988,-45,0.939857,0.4,0.4,34,30990
1289.15,34.5412,34.2057,-45,0.945747,0.4,0.4,34,32280
1290.15,34.5412,34.2124,-45,0.951584,0.4,0.4,34,32280
1291.15,34.5412,34.2189,-45,0.957372,0.4,0.4,34,32280
1292.15,34.5412,34.2254,-45,0.963111,0.4,0.4,34,32280
1293.15,34.5412,34.2317,-45,0.968801,0.4,0.4,34,32280
1294.15,34.5412,34.2379,-45,0.974443,0.4,0.4,34,32280
1295.15,34.5412,34.244,-45,0.980037,0.4,0.4,34,32280
1296.15,34.5412,34.2499,-45,0.985585,0.4,0.4,34,32280
1297.15,34.5412,34.2557,-45,0.991088,0.4,0.4,34,32730
1298.15,34.5412,34.2614,-45,0.996548,0.4,0.4,34,32730
1299.15,34.5412,34.267,-45,1,0.4,0.4,34,32730
1300.15,34.5412,34.2725,-45,1,0.4,0.4,34,32730
1301.15,34.5412,34.2779,-45,1,0.4,0.4,34,32730
1302.15,34.5412,34.2832,-45,1,0.4,0.4,34,32730
1303.15,34.5412,34.2883,-45,1,0.4,0.4,34,32730
1304.15,34.5412,34.2934,-45,1,0.4,0.4,34,32730
1305.15,34.5412,34.2983,-45,1,0.4,0.4,34,32670
1306.15,34.5412,34.3032,-45,1,0.4,0.4,34,32670
1307.15,34.5412,34.3079,-45,1,0.4,0.4,34,32670
1308.15,34.5412,34.3126,-45,1,0.4,0.4,34,32670
1309.15,34.8042,34.3224,-46,1,0.4,0.4,34,32670
1310.15,34.8042,34.3321,-46,1,0.4,0.4,34,32670
1311.15,34.8042,34.3415,-46,1,0.398919,0.4,34,32670
1312.15,34.8042,34.3508,-46,1,0.397717,0.4,34,32670
1313.15,34.8042,34.3598,-46,1,0.396526,0.4,34,32670
1314.15,34.8042,34.3687,-46,1,0.395346,0.4,34,32580
1315.15,34.8042,34.3774,-46,1,0.394176,0.4,34,32580
1316.15,34.8042,34.386,-46,1,0.393017,0.4,34,32580
1317.15,34.8042,34.3943,-46,1,0.391869,0.4,34,32580
1318.15,34.8042,34.4025,-46,1,0.39073,0.4,34,32580
1319.15,34.8042,34.4106,-46,1,0.389601,0.4,34,32580
1320.15,34.8042,34.4184,-46,1,0.388482,0.4,34,32580
1321.15,34.8042,34.4262,-46,1,0.387373,0.4,34,32580
1322.15,34.8042,34.4337,-46,1,0.386273,0.4,34,32640
1323.15,34.8042,34.4411,-46,1,0.385182,0.4,34,32640
1324.15,34.8042,34.4484,-46,1,0.3841,0.4,34,32640
1325.15,34.8042,34.4555,-46,1,0.383026,0.4,34,32640
1326.15,34.8042,34.4625,-46,1,0.381962,0.4,34,32640
1327.15,34.8042,34.4693,-46,1,0.380905,0.4,34,32640
1328.15,34.8042,34.476,-46,1,0.379857,0.4,34,32640
1329.15,34.8042,34.4826,-46,1,0.378817,0.4,34,32640
1330.15,34.8042,34.489,-46,1,0.377786,0.4,34,32670
1331.15,34.8042,34.4953,-46,1,0.376761,0.4,34,32670
1332.15,34.8042,34.5015,-46,1,0.375745,0.4,34,32670
1333.15,34.8042,34.5076,-46,1,0.374736,0.4,34,32670
1334.15,34.8042,34.5135,-46,1,0.373734,0.4,34,32670
1335.15,34.8042,34.5193,-46,1,0.372739,0.4,34,32670
1336.15,34.8042,34.525,-46,1,0.371752,0.4,34,32670
1337.15,34.8042,34.5306,-46,1,0.370771,0.4,34,32670
1338.15,34.8042,34.5361,-46,1,0.369797,0.4,34,32730
1339.15,34.8042,34.5414,-46,1,0.36883,0.4,34,32730
1340.15,34.8042,34.5467,-46,1,0.367869,0.4,34,32730
1341.15,34.8042,34.5518,-46,1,0.366914,0.4,34,32730
1342.15,34.8042,34.5569,-46,1,0.365966,0.4,34,32730
1343.15,34.8042,34.5618,-46,1,0.365024,0.4,34,32730
1344.15,34.8042,34.5667,-46,1,0.364088,0.4,34,32730
1345.15,34.8042,34.5714,-46,1,0.363158,0.4,34,32730
1346.15,34.8042,34.5761,-46,1,0.362233,0.4,34,32760
1347.15,34.8042,34.5806,-46,1,0.361314,0.4,34,32760
1348.15,34.8042,34.5851,-46,1,0.3604,0.4,34,32760
1349.15,34.8042,34.5895,-46,1,0.359492,0.4,34,32760
1350.15,34.8042,34.5938,-46,1,0.358589,0.4,34,32760
1351.15,34.8042,34.598,-46,1,0.357692,0.4,34,32760
1352.15,34.8042,34.6021,-46,1,0.3568,0.4,34,32760
1353.15,34.8042,34.6062,-46,1,0.355912,0.4,34,32760
1354.15,34.8042,34.6101,-46,1,0.355029,0.4,34,32760
1355.15,34.8042,34.614,-46,1,0.354151,0.4,34,32790
1356.15,34.8042,34.6178,-46,1,0.353278,0.4,34,32790
1357.15,34.8042,34.6215,-46,1,0.35241,0.4,34,32790
1358.15,34.8042,34.6252,-46,1,0.351546,0.4,34,32790
1359.15,34.8042,34.6288,-46,1,0.350686,0.4,34,32790
1360.15,34.8042,34.6323,-46,1,0.349831,0.4,34,32790
1361.15,34.8042,34.6357,-46,1,0.34898,0.4,34,32790
1362.15,34.8042,34.6391,-46,1,0.348133,0.4,34,32790
1363.15,34.8042,34.6424,-46,1,0.34729,0.4,34,32910
1364.15,34.8042,34.6456,-46,1,0.346451,0.4,34,32910
1365.15,34.8042,34.6488,-46,1,0.345616,0.4,34,32910
1366.15,34.8042,34.6519,-46,1,0.344785,0.4,34,32910
1367.15,34.8042,34.655,-46,1,0.343958,0.4,34,32910
1368.15,34.8042,34.6579,-46,1,0.343134,0.4,34,32910
1369.15,34.8042,34.6609,-46,1,0.342314,0.4,34,32910
1370.15,34.8042,34.6637,-46,1,0.341497,0.4,34,32910
1371.15,34.8042,34.6666,-46,1,0.340684,0.4,34,32940
1372.15,34.8042,34.6693,-46,1,0.339874,0.4,34,32940
1373.15,34.8042,34.672,-46,1,0.339068,0.4,34,32940
1374.15,34.8042,34.6746,-46,1,0.338265,0.4,34,32940
1375.15,34.8042,34.6772,-46,1,0.337465,0.4,34,32940
1376.15,34.8042,34.6798,-46,1,0.336668,0.4,34,32940
1377.15,34.8042,34.6823,-46,1,0.335875,0.4,34,32940
1378.15,34.8042,34.6847,-46,1,0.335084,0.4,34,32940
1379.15,34.8042,34.6871,-46,1,0.334296,0.4,34,33000
1380.15,34.8042,34.6894,-46,1,0.333511,0.4,34,33000
1381.15,34.8042,34.6917,-46,1,0.332729,0.4,34,33000
1382.15,34.8042,34.694,-46,1,0.33195,0.4,34,33000
1383.15,34.8042,34.6962,-46,1,0.331173,0.4,34,33000
1384.15,34.8042,34.6983,-46,1,0.3304,0.4,34,33000
1385.15,34.8042,34.7005,-46,1,0.329628,0.4,34,33000
1386.15,34.8042,34.7025,-46,1,0.32886,0.4,34,33000
1387.15,34.8042,34.7046,-46,1,0.328093,0.4,34,33000
1388.15,34.8042,34.7066,-46,1,0.32733,0.4,34,33030
1389.15,34.5412,34.7033,-45,1,0.327097,0.4,34,33030
1390.15,34.5412,34.7,-45,1,0.32686,0.4,34,33030
1391.15,34.5412,34.6968,-45,1,0.326619,0.4,34,33030
1392.15,34.5412,34.6937,-45,1,0.326374,0.4,34,33030
1393.15,34.5412,34.6907,-45,1,0.326125,0.4,34,33030
1394.15,34.5412,34.6877,-45,1,0.325873,0.4,34,33030
1395.15,34.5412,34.6848,-45,1,0.325617,0.4,34,33030
1396.15,34.5412,34.6819,-45,1,0.325357,0.4,34,33030
1397.15,34.5412,34.6791,-45,1,0.325094,0.4,34,33030
1398.15,34.5412,34.6763,-45,1,0.324828,0.4,34,33030
1399.15,34.5412,34.6736,-45,1,0.324558,0.4,34,33030
1400.15,34.5412,34.671,-45,1,0.324285,0.4,34,33030
1401.15,34.5412,34.6684,-45,1,0.324009,0.4,34,33030
1402.15,34.5412,34.6658,-45,1,0.32373,0.4,34,33030
1403.15,34.5412,34.6633,-45,1,0.323447,0.4,34,33030
1404.15,34.5412,34.6609,-45,1,0.323161,0.4,34,33090
1405.15,34.5412,34.6585,-45,1,0.322873,0.4,34,33090
1406.15,34.5412,34.6561,-45,1,0.322582,0.4,34,33090
1407.15,34.5412,34.6538,-45,1,0.322288,0.4,34,33090
1408.15,34.5412,34.6516,-45,1,0.321991,0.4,34,33090
1409.15,34.5412,34.6494,-45,1,0.321692,0.4,34,33090
1410.15,34.5412,34.6472,-45,1,0.32139,0.4,34,33090
1411.15,34.5412,34.6451,-45,1,0.321085,0.4,34,33090
1412.15,34.5412,34.643,-45,1,0.320777,0.4,34,33030
1413.15,34.5412,34.641,-45,1,0.320467,0.4,34,33030
1414.15,34.5412,34.639,-45,1,0.320155,0.4,34,33030
1415.15,34.5412,34.637,-45,1,0.31984,0.4,34,33030
1416.15,34.5412,34.6351,-45,1,0.319523,0.4,34,33030
1417.15,34.5412,34.6332,-45,1,0.319203,0.4,34,33030
1418.15,34.5412,34.6314,-45,1,0.318882,0.4,34,33030
1419.15,34.5412,34.6296,-45,1,0.318558,0.4,34,33030
1420.15,34.5412,34.6278,-45,1,0.318231,0.4,34,33030
1421.15,34.5412,34.6261,-45,1,0.317903,0.4,34,33120
1422.15,34.5412,34.6244,-45,1,0.317572,0.4,34,33120
1423.15,34.2811,34.6175,-44,1,0.317762,0.4,34,33120
1424.15,34.2811,34.6108,-44,1,0.317944,0.4,34,33120
1425.15,34.2811,34.6042,-44,1,0.318117,0.4,34,33120
1426.15,34.2811,34.5977,-44,1,0.318283,0.4,34,33120
1427.15,34.2811,34.5914,-44,1,0.31844,0.4,34,33120
1428.15,34.2811,34.5852,-44,1,0.318591,0.4,34,33120
1429.15,34.2811,34.5791,-44,1,0.318733,0.4,34,33150
1430.15,34.2811,34.5732,-44,1,0.318869,0.4,34,33150
1431.15,34.2811,34.5673,-44,1,0.318996,0.4,34,33150
1432.15,34.2811,34.5616,-44,1,0.319117,0.4,34,33150
1433.15,34.2811,34.556,-44,1,0.319232,0.4,34,33150
1434.15,34.2811,34.5505,-44,1,0.319339,0.4,34,33150
1435.15,34.2811,34.5451,-44,1,0.319439,0.4,34,33150
1436.15,34.2811,34.5398,-44,1,0.319533,0.4,34,33150
1437.15,34.2811,34.5346,-44,1,0.319621,0.4,34,33120
1438.15,34.2811,34.5296,-44,1,0.319703,0.4,34,33120
1439.15,34.2811,34.5246,-44,1,0.319778,0.4,34,33120
1440.15,34.2811,34.5197,-44,1,0.319847,0.4,34,33120
1441.15,34.2811,34.515,-44,1,0.319911,0.4,34,33120
1442.15,34.2811,34.5103,-44,1,0.319968,0.4,34,33120
1443.15,34.2811,34.5057,-44,1,0.32002,0.4,34,33120
1444.15,34.2811,34.5012,-44,1,0.320067,0.4,34,33120
1445.15,34.2811,34.4968,-44,1,0.320108,0.4,34,33120
1446.15,34.2811,34.4925,-44,1,0.320144,0.4,34,33120
1447.15,34.2811,34.4883,-44,1,0.320174,0.4,34,33120
1448.15,34.2811,34.4841,-44,1,0.320199,0.4,34,33120
1449.15,34.2811,34.48,-44,1,0.32022,0.4,34,33120
1450.15,34.2811,34.4761,-44,1,0.320236,0.4,34,33120
1451.15,34.2811,34.4722,-44,1,0.320246,0.4,34,33120
1452.15,34.0237,34.4632,-43,1,0.320769,0.4,34,33120
1453.15,34.0237,34.4544,-43,1,0.321281,0.4,34,33120
1454.15,34.0237,34.4458,-43,1,0.321782,0.4,34,33060
1455.15,34.0237,34.4374,-43,1,0.322273,0.4,34,33060
1456.15,34.0237,34.4291,-43,1,0.322754,0.4,34,33060
1457.15,34.0237,34.421,-43,1,0.323224,0.4,34,33060
1458.15,34.0237,34.413,-43,1,0.323685,0.4,34,33060
1459.15,34.0237,34.4052,-43,1,0.324137,0.4,34,33060
1460.15,34.0237,34.3976,-43,1,0.324578,0.4,34,33060
1461.15,34.0237,34.3901,-43,1,0.325011,0.4,34,33060
1462.15,34.0237,34.3828,-43,1,0.325435,0.4,34,33120
1463.15,34.0237,34.3756,-43,1,0.325849,0.4,34,33120
1464.15,34.0237,34.3686,-43,1,0.326256,0.4,34,33120
1465.15,34.0237,34.3617,-43,1,0.326653,0.4,34,33120
1466.15,34.0237,34.3549,-43,1,0.327042,0.4,34,33120
1467.15,34.0237,34.3483,-43,1,0.327424,0.4,34,33120
1468.15,34.0237,34.3418,-43,1,0.327797,0.4,34,33120
1469.15,34.0237,34.3355,-43,1,0.328162,0.4,34,33120
1470.15,34.0237,34.3292,-43,1,0.32852,0.4,34,33060
1471.15,34.0237,34.3231,-43,1,0.32887,0.4,34,33060
1472.15,34.0237,34.3171,-43,1,0.329213,0.4,34,33060
1473.15,34.0237,34.3113,-43,1,0.329548,0.4,34,33060
1474.15,34.0237,34.3055,-43,1,0.329877,0.4,34,33060
1475.15,34.0237,34.2999,-43,1,0.330198,0.4,34,33060
1476.15,34.0237,34.2943,-43,1,0.330513,0.4,34,33060
1477.15,34.0237,34.2889,-43,1,0.330821,0.4,34,33060
1478.15,34.0237,34.2836,-43,1,0.331122,0.4,34,33000
1479.15,34.0237,34.2784,-43,1,0.331417,0.4,34,33000
1480.15,34.0237,34.2733,-43,1,0.331706,0.4,34,33000
1481.15,34.0237,34.2683,-43,1,0.331988,0.4,34,33000
1482.15,34.0237,34.2634,-43,1,0.332265,0.4,34,33000
1483.15,34.0237,34.2587,-43,1,0.332536,0.4,34,33000
1484.15,34.0237,34.254,-43,1,0.332801,0.4,34,33000
1485.15,34.0237,34.2493,-43,1,0.33306,0.4,34,33000
1486.15,34.0237,34.2448,-43,1,0.333313,0.4,34,33030
1487.15,34.0237,34.2404,-43,1,0.333561,0.4,34,33030
1488.15,34.0237,34.2361,-43,1,0.333804,0.4,34,33030
1489.15,34.0237,34.2318,-43,1,0.334042,0.4,34,33030
1490.15,34.0237,34.2277,-43,1,0.334274,0.4,34,33030
1491.15,34.0237,34.2236,-43,1,0.334501,0.4,34,33030
1492.15,34.0237,34.2196,-43,1,0.334724,0.4,34,33030
1493.15,34.0237,34.2157,-43,1,0.334941,0.4,34,33030
1494.15,34.0237,34.2118,-43,1,0.335154,0.4,34,33030
1495.15,34.0237,34.2081,-43,1,0.335362,0.4,34,32970
1496.15,34.0237,34.2044,-43,1,0.335566,0.4,34,32970
1497.15,34.0237,34.2008,-43,1,0.335765,0.4,34,32970
1498.15,34.0237,34.1972,-43,1,0.33596,0.4,34,32970
1499.15,34.0237,34.1938,-43,1,0.336151,0.4,34,32970
1500.15,34.0237,34.1904,-43,1,0.336338,0.4,34,32970
1501.15,34.0237,34.187,-43,1,0.33652,0.4,34,32970
1502.15,34.0237,34.1838,-43,1,0.336698,0.4,34,32970
1503.15,34.0237,34.1806,-43,1,0.336872,0.4,34,33000
1504.15,34.0237,34.1774,-43,1,0.337043,0.4,34,33000
1505.15,34.0237,34.1744,-43,1,0.33721,0.4,34,33000
1506.15,34.0237,34.1713,-43,1,0.337373,0.4,34,33000
1507.15,34.0237,34.1684,-43,1,0.337532,0.4,34,33000
1508.15,34.0237,34.1655,-43,1,0.337688,0.4,34,33000
1509.15,34.0237,34.1627,-43,1,0.33784,0.4,34,33000
1510.15,34.0237,34.1599,-43,1,0.337989,0.4,34,33000
1511.15,34.0237,34.1572,-43,1,0.338134,0.4,34,33000
1512.15,34.0237,34.1545,-43,1,0.338277,0.4,34,33000
1513.15,34.0237,34.1519,-43,1,0.338416,0.4,34,33000
1514.15,34.0237,34.1493,-43,1,0.338552,0.4,34,33000
1515.15,34.0237,34.1468,-43,1,0.338684,0.4,34,33000
1516.15,34.0237,34.1443,-43,1,0.338814,0.4,34,33000
1517.15,34.0237,34.1419,-43,1,0.338941,0.4,34,33000
1518.15,34.0237,34.1396,-43,1,0.339065,0.4,34,33000
1519.15,34.0237,34.1372,-43,1,0.339185,0.4,34,33000
1520.15,34.0237,34.135,-43,1,0.339303,0.4,34,33150
1521.15,34.0237,34.1328,-43,1,0.339419,0.4,34,33150
1522.15,34.0237,34.1306,-43,1,0.339532,0.4,34,33150
1523.15,34.0237,34.1284,-43,1,0.339642,0.4,34,33150
1524.15,34.0237,34.1263,-43,1,0.339749,0.4,34,33150
1525.15,34.0237,34.1243,-43,1,0.339854,0.4,34,33150
1526.15,34.0237,34.1223,-43,1,0.339957,0.4,34,33150
1527.15,34.0237,34.1203,-43,1,0.340057,0.4,34,33150
1528.15,34.0237,34.1184,-43,1,0.340154,0.4,34,33030
1529.15,34.0237,34.1165,-43,1,0.34025,0.4,34,33030
1530.15,34.0237,34.1146,-43,1,0.340343,0.4,34,33030
1531.15,34.0237,34.1128,-43,1,0.340434,0.4,34,33030
1532.15,34.0237,34.111,-43,1,0.340522,0.4,34,33030
1533.15,34.0237,34.1093,-43,1,0.340609,0.4,34,33030
1534.15,34.0237,34.1076,-43,1,0.340693,0.4,34,33030
1535.15,34.0237,34.1059,-43,1,0.340776,0.4,34,33030
1536.15,34.0237,34.1042,-43,1,0.340856,0.4,34,33030
1537.15,34.0237,34.1026,-43,1,0.340934,0.4,34,33030
1538.15,34.0237,34.1011,-43,1,0.341011,0.4,34,33030
1539.15,34.0237,34.0995,-43,1,0.341085,0.4,34,33030
1540.15,34.0237,34.098,-43,1,0.341157,0.4,34,33030
1541.15,34.0237,34.0965,-43,1,0.341228,0.4,34,33030
1542.15,34.0237,34.0951,-43,1,0.341297,0.4,34,33030
1543.15,34.0237,34.0936,-43,1,0.341364,0.4,34,33030
1544.15,34.0237,34.0922,-43,1,0.34143,0.4,34,33060
1545.15,34.0237,34.0909,-43,1,0.341494,0.4,34,33060
1546.15,34.0237,34.0895,-43,1,0.341556,0.4,34,33060
1547.15,34.0237,34.0882,-43,1,0.341616,0.4,34,33060
1548.15,34.0237,34.0869,-43,1,0.341675,0.4,34,33060
1549.15,34.0237,34.0856,-43,1,0.341733,0.4,34,33060
1550.15,34.0237,34.0844,-43,1,0.341789,0.4,34,33060
1551.15,34.0237,34.0832,-43,1,0.341843,0.4,34,33060
1552.15,34.0237,34.082,-43,1,0.341896,0.4,34,33000
1553.15,34.0237,34.0808,-43,1,0.341947,0.4,34,33000
1554.15,34.0237,34.0797,-43,1,0.341997,0.4,34,33000
1555.15,34.0237,34.0786,-43,1,0.342046,0.4,34,33000
1556.15,34.0237,34.0775,-43,1,0.342093,0.4,34,33000
1557.15,34.0237,34.0764,-43,1,0.342139,0.4,34,33000
1558.15,34.0237,34.0753,-43,1,0.342184,0.4,34,33000
1559.15,34.0237,34.0743,-43,1,0.342228,0.4,34,33000
1560.15,34.0237,34.0733,-43,1,0.34227,0.4,34,33000
1561.15,34.0237,34.0723,-43,1,0.342311,0.4,34,33030
1562.15,34.0237,34.0713,-43,1,0.34235,0.4,34,33030
1563.15,34.0237,34.0704,-43,1,0.342389,0.4,34,33030
1564.15,34.0237,34.0695,-43,1,0.342427,0.4,34,33030
1565.15,34.0237,34.0685,-43,1,0.342463,0.4,34,33030
1566.15,34.0237,34.0676,-43,1,0.342498,0.4,34,33030
1567.15,34.0237,34.0668,-43,1,0.342532,0.4,34,33030
1568.15,34.0237,34.0659,-43,1,0.342565,0.4,34,33030
1569.15,34.0237,34.0651,-43,1,0.342597,0.4,34,33030
1570.15,34.0237,34.0642,-43,1,0.342628,0.4,34,33030
1571.15,34.0237,34.0634,-43,1,0.342658,0.4,34,33030
1572.15,34.0237,34.0626,-43,1,0.342687,0.4,34,33030
1573.15,34.0237,34.0618,-43,1,0.342715,0.4,34,33030
1574.15,34.0237,34.0611,-43,1,0.342742,0.4,34,33030
1575.15,34.0237,34.0603,-43,1,0.342768,0.4,34,33030
1576.15,34.0237,34.0596,-43,1,0.342794,0.4,34,33030
1577.15,34.0237,34.0589,-43,1,0.342818,0.4,34,33090
1578.15,34.0237,34.0582,-43,1,0.342841,0.4,34,33090
1579.15,34.0237,34.0575,-43,1,0.342864,0.4,34,33090
1580.15,34.0237,34.0568,-43,1,0.342886,0.4,34,33090
1581.15,34.0237,34.0562,-43,1,0.342907,0.4,34,33090
1582.15,34.0237,34.0555,-43,1,0.342927,0.4,34,33090
1583.15,34.0237,34.0549,-43,1,0.342947,0.4,34,33090
1584.15,34.0237,34.0542,-43,1,0.342965,0.4,34,33090
1585.15,34.0237,34.0536,-43,1,0.342983,0.4,34,33000
1586.15,34.0237,34.053,-43,1,0.343,0.4,34,33000
1587.15,34.0237,34.0525,-43,1,0.343017,0.4,34,33000
1588.15,34.0237,34.0519,-43,1,0.343033,0.4,34,33000
1589.15,34.0237,34.0513,-43,1,0.343048,0.4,34,33000
1590.15,34.0237,34.0508,-43,1,0.343062,0.4,34,33000
1591.15,34.0237,34.0502,-43,1,0.343076,0.4,34,33000
1592.15,34.0237,34.0497,-43,1,0.343089,0.4,34,33000
1593.15,34.0237,34.0492,-43,1,0.343102,0.4,34,33000
1594.15,34.0237,34.0487,-43,1,0.343113,0.4,34,32970
1595.15,34.0237,34.0482,-43,1,0.343124,0.4,34,32970
1596.15,34.0237,34.0477,-43,1,0.343135,0.4,34,32970
1597.15,34.0237,34.0472,-43,1,0.343145,0.4,34,32970
1598.15,34.0237,34.0467,-43,1,0.343154,0.4,34,32970
1599.15,34.0237,34.0463,-43,1,0.343163,0.4,34,32970
1600.15,34.0237,34.0458,-43,1,0.343172,0.4,34,32970
1601.15,34.0237,34.0454,-43,1,0.343179,0.4,34,32970
1602.15,34.0237,34.0449,-43,1,0.343187,0.4,34,32970
1603.15,34.0237,34.0445,-43,1,0.343193,0.4,34,32970
1604.15,34.0237,34.0441,-43,1,0.343199,0.4,34,32970
1605.15,34.0237,34.0437,-43,1,0.343205,0.4,34,32970
1606.15,34.0237,34.0433,-43,1,0.34321,0.4,34,32970
1607.15,34.0237,34.0429,-43,1,0.343215,0.4,34,32970
1608.15,34.0237,34.0425,-43,1,0.34322,0.4,34,32970
1609.15,34.0237,34.0421,-43,1,0.343224,0.4,34,32970
1610.15,34.0237,34.0418,-43,1,0.343227,0.4,34,32970
1611.15,39.14,34.1437,-61,1,0.332956,0.4,34,32970
1612.15,37.9056,34.219,-57,1,0.325288,0.4,34,32970
1613.15,37.3112,34.2808,-55,1,0.318903,0.4,34,32970
1614.15,36.731,34.3298,-53,1,0.313759,0.4,34,32970
1615.15,36.4461,34.3721,-52,1,0.309245,0.4,34,32970
1616.15,35.8863,34.4024,-50,1,0.305907,0.4,34,32970
1617.15,35.6111,34.4266,-49,1,0.303158,0.4,34,32970
1618.15,35.3391,34.4448,-48,1,0.300985,0.4,34,32910
1619.15,36.731,34.4906,-53,1,0.296038,0.4,34,32910
1620.15,42.1689,34.6441,-70,1,0.280228,0.4,34,32910
1621.15,49.1461,34.9342,-87,1,0.250592,0.4,34,32910
1622.15,57.4263,35.384,-102,1,0.204681,0.4,34,32910
1623.15,64.0061,35.9565,-111,1,0.146101,0.4,34,32910
1624.15,71.5544,36.6684,-119,1,0.0730548,0.4,34,32910
1625.15,86.8062,37.6712,-130,1,0,0.4,34,32910
1626.15,97.447,38.8667,-135,1,0,0.4,34,33210
1627.15,109.493,40.2792,-139,1,0,0.4,34,33210
1628.15,128.1,42.0356,-143,1,0,0.4,34,33210
1629.15,185.255,44.9,-149,1,0,0.4,34,33210
1630.15,185.255,47.7071,-151,1,0,0.4,34,33210
1631.15,185.255,47.7071,-153,1,0,0.4,34,33210
1632.15,185.255,47.7071,-155,1,0,0.4,34,33210
1633.15,185.255,47.7071,-158,1,0,0.4,34,33210
1634.15,185.255,47.7071,-159,1,0,0.4,34,33930
1635.15,185.255,47.7071,-160,1,0,0.4,34,33930
1636.15,185.255,47.7071,-161,1,0,0.4,34,33930
1637.15,185.255,47.7071,-162,1,0,0.4,34,33930
1638.15,185.255,47.7071,-163,1,0,0.4,34,33930
1639.15,185.255,47.7071,-163,1,0,0.4,34,33930
1640.15,185.255,47.7071,-164,1,0,0.4,34,33930
1641.15,185.255,47.7071,-165,1,0,0.4,34,33930
1642.15,185.255,47.7071,-165,1,0,0.4,34,33930
1643.15,185.255,47.7071,-165,1,0,0.4,34,34050
1644.15,185.255,47.7071,-165,1,0,0.4,34,34050
1645.15,185.255,47.7071,-166,1,0,0.4,34,34050
1646.15,185.255,47.7071,-166,1,0,0.4,34,34050
1647.15,185.255,47.7071,-166,1,0,0.4,34,34050
1648.15,185.255,47.7071,-166,1,0,0.4,34,34050
1649.15,185.255,47.7071,-166,1,0,0.4,34,34050
1650.15,185.255,47.7071,-166,1,0,0.4,34,34050
1651.15,185.255,47.7071,-166,1,0,0.4,34,33990
1652.15,185.255,47.7071,-166,1,0,0.4,34,33990
1653.15,185.255,47.7071,-166,1,0,0.4,34,33990
1654.15,185.255,47.7071,-166,1,0,0.4,34,33990
1655.15,185.255,47.7071,-166,1,0,0.4,34,33990
1656.15,185.255,47.7071,-166,1,0,0.4,34,33990
1657.15,185.255,47.7071,-166,1,0,0.4,34,33990
1658.15,185.255,47.7071,-166,1,0,0.4,34,33990
1659.15,185.255,47.7071,-166,1,0,0.4,34,34050
1660.15,185.255,47.7071,-166,1,0,0.4,34,34050
1661.15,185.255,47.7071,-167,1,0,0.4,34,34050
1662.15,185.255,47.7071,-167,1,0,0.4,34,34050
1663.15,185.255,47.7071,-167,1,0,0.4,34,34050
1664.15,185.255,47.7071,-167,1,0,0.4,34,34050
1665.15,185.255,47.7071,-167,1,0,0.4,34,34050
1666.15,185.255,47.7071,-167,1,0,0.4,34,34050
1667.15,185.255,47.7071,-167,1,0,0.4,34,33960
1668.15,185.255,47.7071,-160,1,0,0.4,34,33960
1669.15,0,47.7071,0,1,0,0.4,34,0
1670.15,0,47.7071,0,1,0,0.4,34,0
1671.15,0,47.7071,0,1,0,0.4,34,0
1672.15,0,47.7071,0,1,0,0.4,34,0
1673.15,0,47.7071,0,1,0,0.4,34,0
1674.15,0,47.7071,0,1,0,0.4,34,0
1675.15,0,47.7071,0,1,0,0.4,34,0
1676.15,0,47.7071,0,1,0,0.4,34,0
1677.15,0,47.7071,0,1,0,0.4,34,0
1678.15,0,47.7071,0,1,0,0.4,34,0
1679.15,0,47.7071,0,1,0,0.4,34,0
1680.15,0,47.7071,0,1,0,0.4,34,0
1681.15,0,47.7071,0,1,0,0.4,34,0
1682.15,0,47.7071,0,1,0,0.4,34,0
1683.15,0,47.7071,0,1,0,0.4,34,0
1684.15,0,47.7071,0,1,0,0.4,34,0
1685.15,0,47.7071,0,1,0,0.4,34,0
1686.15,0,47.7071,0,1,0,0.4,34,0
1687.15,0,47.7071,0,1,0,0.4,34,0
1688.15,0,47.7071,0,1,0,0.4,34,0
1689.15,0,47.7071,0,1,0,0.4,34,0
1690.15,0,47.7071,0,1,0,0.4,34,0
1691.15,0,47.7071,0,1,0,0.4,34,0
1692.15,0,47.7071,0,1,0,0.4,34,0
1693.15,0,47.7071,0,1,0,0.4,34,0
1694.15,0,47.7071,0,1,0,0.4,34,0
1695.15,0,47.7071,0,1,0,0.4,34,0
1696.15,0,47.7071,0,1,0,0.4,34,0
1697.15,0,47.7071,0,1,0,0.4,34,0
1698.15,0,47.7071,0,1,0,0.4,34,0
1699.15,0,47.7071,0,1,0,0.4,34,0
1700.15,0,47.7071,0,1,0,0.4,34,0
1701.15,0,47.7071,0,1,0,0.4,34,0
1702.15,0,47.7071,0,1,0,0.4,34,0
1703.15,0,47.7071,0,1,0,0.4,34,0
1704.15,0,47.7071,0,1,0,0.4,34,0
1705.15,0,47.7071,0,1,0,0.4,34,0
1706.15,0,47.7071,0,1,0,0.4,34,0
1707.15,0,47.7071,0,1,0,0.4,34,0
1708.15,0,47.7071,0,1,0,0.4,34,0
1709.15,0,47.7071,0,1,0,0.4,34,0
1710.15,0,47.7071,0,1,0,0.4,34,0
1711.15,0,47.7071,0,1,0,0.4,34,0
1712.15,0,47.7071,0,1,0,0.4,34,0
1713.15,0,47.7071,0,1,0,0.4,34,0
1714.15,0,47.7071,0,1,0,0.4,34,0
1715.15,0,47.7071,0,1,0,0.4,34,0
1716.15,0,47.7071,0,1,0,0.4,34,0
1717.15,0,47.7071,0,1,0,0.4,34,0
1718.15,0,47.7071,0,1,0,0.4,34,0
1719.15,0,47.7071,0,1,0,0.4,34,0
1720.15,0,47.7071,0,1,0,0.4,34,0
1721.15,0,47.7071,0,1,0,0.4,34,0
1722.15,0,47.7071,0,1,0,0.4,34,0
1723.15,0,47.7071,0,1,0,0.4,34,0
1724.15,0,47.7071,0,1,0,0.4,34,0
1725.15,0,47.7071,0,1,0,0.4,34,0
1726.15,0,47.7071,0,1,0,0.4,34,0
1727.15,0,47.7071,0,1,0,0.4,34,0
1728.15,0,47.7071,0,1,0,0.4,34,0
1729.15,0,47.7071,0,1,0,0.4,34,0
1730.15,0,47.7071,0,1,0,0.4,34,0
1731.15,0,47.7071,0,1,0,0.4,34,0
1732.15,0,47.7071,0,1,0,0.4,34,0
1733.15,0,47.7071,0,1,0,0.4,34,0
1734.15,0,47.7071,0,1,0,0.4,34,0
1735.15,0,47.7071,0,1,0,0.4,34,0
1736.15,0,47.7071,0,1,0,0.4,34,0
1737.15,0,47.7071,0,1,0,0.4,34,0
1738.15,0,47.7071,0,1,0,0.4,34,0
1739.15,0,47.7071,0,1,0,0.4,34,0
1740.15,0,47.7071,0,1,0,0.4,34,0
1741.15,0,47.7071,0,1,0,0.4,34,0
1742.15,0,47.7071,0,1,0,0.4,34,0
1743.15,0,47.7071,0,1,0,0.4,34,0
1744.15,0,47.7071,0,1,0,0.4,34,0
1745.15,0,47.7071,0,1,0,0.4,34,0
1746.15,0,47.7071,0,1,0,0.4,34,0
1747.15,0,47.7071,0,1,0,0.4,34,0
1748.15,0,47.7071,0,1,0,0.4,34,0
1749.15,0,47.7071,0,1,0,0.4,34,0
1750.15,0,47.7071,0,1,0,0.4,34,0
1751.15,0,47.7071,0,1,0,0.4,34,0
1752.15,0,47.7071,0,1,0,0.4,34,0
1753.15,0,47.7071,0,1,0,0.4,34,0
1754.15,0,47.7071,0,1,0,0.4,34,0
1755.15,0,47.7071,0,1,0,0.4,34,0
1756.15,30.466,47.7071,-28,1,0,0.4,34,33960
1757.15,30.466,47.7071,-28,1,0,0.4,34,33960
1758.15,0,47.7071,0,1,0,0.4,34,0
1759.15,0,47.7071,0,1,0,0.4,34,0
1760.15,0,47.7071,0,1,0,0.4,34,0
1761.15,0,47.7071,0,1,0,0.4,34,0
1762.15,0,47.7071,0,1,0,0.4,34,0
1763.15,0,47.7071,0,1,0,0.4,34,0
1764.15,0,47.7071,0,1,0,0.4,34,0
1765.15,0,47.7071,0,1,0,0.4,34,0
1766.15,0,47.7071,0,1,0,0.4,34,0
1767.15,0,47.7071,0,1,0,0.4,34,0
1768.15,0,47.7071,0,1,0,0.4,34,0
1769.15,0,47.7071,0,1,0,0.4,34,0
1770.15,0,47.7071,0,1,0,0.4,34,0
1771.15,0,47.7071,0,1,0,0.4,34,0
1772.15,31.3634,47.7071,-32,1,0,0.4,34,33870
1773.15,31.1358,47.7071,-31,1,0,0.4,34,33870
1774.15,30.9104,47.7071,-30,1,0,0.4,34,33840
1775.15,30.9104,47.7071,-30,1,0,0.4,34,33840
1776.15,30.6871,47.7071,-29,1,0,0.4,34,33840
1777.15,30.6871,47.7071,-29,1,0,0.4,34,33840
1778.15,0,47.7071,0,1,0,0.4,34,0
1779.15,30.6871,47.7071,-29,1,0,0.4,34,33840
1780.15,0,47.7071,0,1,0,0.4,34,0
1781.15,30.466,47.7071,-28,1,0,0.4,34,33840
1782.15,30.466,47.7071,-28,1,0,0.4,34,33900
1783.15,30.466,47.7071,-28,1,0,0.4,34,33900
1784.15,0,47.7071,0,1,0,0.4,34,0
1785.15,30.466,47.7071,-28,1,0,0.4,34,33900
1786.15,30.466,47.7071,-28,1,0,0.4,34,33900
1787.15,30.466,47.7071,-28,1,0,0.4,34,33900
1788.15,0,47.7071,0,1,0,0.4,34,0
1789.15,30.466,47.7071,-28,1,0,0.4,34,33900
1790.15,30.466,47.7071,-28,1,0,0.4,34,34020
1791.15,30.466,47.7071,-28,1,0,0.4,34,34020
1792.15,30.466,47.7071,-28,1,0,0.4,34,34020
1793.15,30.466,47.7071,-28,1,0,0.4,34,34020
1794.15,30.466,47.7071,-28,1,0,0.4,34,34020
1795.15,30.466,47.7071,-28,1,0,0.4,34,34020
1796.15,30.466,47.7071,-28,1,0,0.4,34,34020
1797.15,30.466,47.7071,-28,1,0,0.4,34,34020
1798.15,30.466,47.7071,-28,1,0,0.4,34,33990
1799.15,30.466,47.7071,-28,0,0,0.4,34,33990
1800.15,30.466,47.7071,-28,0,0,0.4,34,33990
1801.15,30.466,47.7071,-28,0,0,0.4,34,33990
1802.15,30.466,47.7071,-28,0,0,0.4,34,33990
1803.15,30.466,47.7071,-28,0,0,0.4,34,33990
1804.15,30.466,47.7071,-28,0,0,0.4,34,33990
1805.15,30.2469,47.7071,-27,0,0,0.4,34,33990
1806.15,30.2469,47.7071,-27,0,0,0.4,34,19380
1807.15,30.2469,47.7071,-27,0,0,0.4,34,19380
1808.15,30.466,47.7071,-28,0,0,0.4,34,19380
1809.15,30.466,47.7071,-28,0,0,0.4,34,19380
1810.15,30.466,47.7071,-28,0,0,0.4,34,19380
1811.15,30.466,47.7071,-28,0,0,0.4,34,19380
1812.15,30.466,47.7071,-28,0,0,0.4,34,19380
1813.15,30.466,47.7071,-28,0,0,0.4,34,19380
1814.15,30.466,47.7071,-28,0,0,0.4,34,19380
1815.15,30.466,30.466,-28,0,0.4,0.4,34,10290
1816.15,30.466,30.466,-28,0,0.4,0.4,34,10290
1817.15,30.466,30.466,-28,0,0.4,0.4,34,10290
1818.15,30.466,30.466,-28,0,0.4,0.4,34,10290
1819.15,30.466,30.466,-28,0,0.4,0.4,34,10290
1820.15,30.466,30.466,-28,0,0.4,0.4,34,10290
1821.15,30.466,30.466,-28,0,0.4,0.4,34,10290
1822.15,30.466,30.466,-28,0,0.4,0.4,34,10290
1823.15,30.466,30.466,-28,0,0.4,0.4,34,13260
1824.15,30.466,30.466,-28,0,0.4,0.4,34,13260
1825.15,30.466,30.466,-28,0,0.4,0.4,34,13260
1826.15,30.466,30.466,-28,0,0.4,0.4,34,13260
1827.15,30.466,30.466,-28,0,0.4,0.4,34,13260
1828.15,30.466,30.466,-28,0,0.4,0.4,34,13260
1829.15,30.466,30.466,-28,0,0.4,0.4,34,13260
1830.15,30.466,30.466,-28,0,0.4,0.4,34,13260
1831.15,30.466,30.466,-28,0,0.4,0.4,34,14310
1832.15,30.466,30.466,-28,0,0.4,0.4,34,14310
1833.15,30.466,30.466,-28,0,0.4,0.4,34,14310
1834.15,30.466,30.466,-28,0,0.4,0.4,34,14310
1835.15,30.466,30.466,-28,0,0.4,0.4,34,14310
1836.15,30.6871,30.4704,-29,0,0.4,0.4,34,14310
1837.15,30.6871,30.4747,-29,0,0.4,0.4,34,14310
1838.15,30.6871,30.479,-29,0,0.4,0.4,34,14310
1839.15,30.6871,30.4831,-29,0,0.4,0.4,34,14220
1840.15,30.6871,30.4872,-29,0,0.4,0.4,34,14220
1841.15,30.6871,30.4912,-29,0,0.4,0.4,34,14220
1842.15,30.9104,30.4996,-30,0,0.4,0.4,34,14220
1843.15,31.1358,30.5123,-31,0,0.4,0.4,34,14220
1844.15,31.1358,30.5248,-31,0,0.4,0.4,34,14220
1845.15,31.1358,30.537,-31,0,0.4,0.4,34,14220
1846.15,31.3634,30.5535,-32,0,0.4,0.4,34,14220
1847.15,31.3634,30.5697,-32,0,0.4,0.4,34,3750
1848.15,31.5932,30.5902,-33,0,0.4,0.4,34,3750
1849.15,31.5932,30.6103,-33,0,0.4,0.4,34,3750
1850.15,31.8253,30.6346,-34,0,0.4,0.4,34,3750
1851.15,31.8253,30.6584,-34,0,0.4,0.4,34,3750
1852.15,32.0598,30.6864,-35,0,0.4,0.4,34,3750
1853.15,32.0598,30.7139,-35,0,0.4,0.4,34,3750
1854.15,32.2965,30.7455,-36,0,0.4,0.4,34,3750
1855.15,32.5357,30.7813,-37,0,0.4,0.4,34,0
1856.15,32.5357,30.8164,-37,0,0.4,0.4,34,0
1857.15,32.7773,30.8556,-38,1,0,0.4,34,0
1858.15,0,30.8556,0,1,0,0.4,34,0
1859.15,0,30.8556,0,1,0,0.4,34,0
1860.15,0,30.8556,0,1,0,0.4,34,0
1861.15,0,30.8556,0,1,0,0.4,34,0
1862.15,0,30.8556,0,1,0,0.4,34,0
1863.15,0,30.8556,0,1,0,0.4,34,0
1864.15,0,30.8556,0,1,0,0.4,34,0
1865.15,0,30.8556,0,1,0,0.4,34,0
1866.15,0,30.8556,0,1,0,0.4,34,0
1867.15,0,30.8556,0,1,0,0.4,34,0
1868.15,0,30.8556,0,1,0,0.4,34,0
1869.15,0,30.8556,0,1,0,0.4,34,0
1870.15,0,30.8556,0,1,0,0.4,34,0
1871.15,0,30.8556,0,1,0,0.4,34,0
1872.15,0,30.8556,0,1,0,0.4,34,0
1873.15,0,30.8556,0,1,0,0.4,34,0
1874.15,0,30.8556,0,1,0,0.4,34,0
1875.15,0,30.8556,0,1,0,0.4,34,0
1876.15,0,30.8556,0,1,0,0.4,34,0
1877.15,0,30.8556,0,1,0,0.4,34,0
1878.15,0,30.8556,0,1,0,0.4,34,0
1879.15,0,30.8556,0,1,0,0.4,34,0
1880.15,0,30.8556,0,1,0,0.4,34,0
1881.15,0,30.8556,0,1,0,0.4,34,0
1882.15,0,30.8556,0,1,0,0.4,34,0
1883.15,0,30.8556,0,1,0,0.4,34,0
1884.15,0,30.8556,0,1,0,0.4,34,0
1885.15,0,30.8556,0,1,0,0.4,34,0
1886.15,0,30.8556,0,1,0,0.4,34,0
1887.15,0,30.8556,0,1,0,0.4,34,0
1888.15,0,30.8556,0,1,0,0.4,34,0
1889.15,0,30.8556,0,1,0,0.4,34,0
1890.15,0,30.8556,0,1,0,0.4,34,0
